{
    "columns": {
        "psu": {
            "encoding_type": "TABULAR_NUMERIC_BINNED",
            "cardinalities": {
                "bin": 103
            },
            "codes": {
                "<<UNK>>": 0,
                "<<MIN>>": 1,
                "<<MAX>>": 2
            },
            "min_decimal": 0,
            "bins": [
                1.0,
                12.0,
                22.0,
                33.0,
                45.0,
                55.0,
                68.0,
                78.0,
                89.0,
                99.0,
                110.0,
                121.0,
                132.0,
                144.0,
                155.0,
                167.0,
                177.0,
                188.0,
                196.0,
                203.0,
                214.0,
                226.0,
                238.0,
                249.0,
                260.0,
                270.0,
                283.0,
                294.0,
                305.0,
                316.0,
                327.0,
                339.0,
                349.0,
                360.0,
                372.0,
                382.0,
                392.0,
                403.0,
                414.0,
                427.0,
                437.0,
                448.0,
                458.0,
                468.0,
                479.0,
                490.0,
                500.0,
                510.0,
                520.0,
                531.0,
                541.0,
                553.0,
                563.0,
                574.0,
                585.0,
                597.0,
                608.0,
                618.0,
                630.0,
                641.0,
                652.0,
                664.0,
                674.0,
                685.0,
                698.0,
                710.0,
                721.0,
                733.0,
                744.0,
                755.0,
                766.0,
                777.0,
                790.0,
                801.0,
                813.0,
                824.0,
                835.0,
                846.0,
                858.0,
                869.0,
                879.0,
                891.0,
                902.0,
                913.0,
                924.0,
                935.0,
                948.0,
                960.0,
                972.0,
                984.0,
                996.0,
                1008.0,
                1020.0,
                1032.0,
                1043.0,
                1057.0,
                1068.0,
                1080.0,
                1090.0,
                1101.0,
                1112.0
            ],
            "argn_processor": "tgt",
            "argn_table": "t0",
            "argn_column": "c0"
        },
        "strata": {
            "value_protection": false,
            "encoding_type": "TABULAR_CATEGORICAL",
            "no_of_rare_categories": 0,
            "codes": {
                "_RARE_": 0,
                "Balaka Rural": 1,
                "Balaka Urban": 2,
                "Blantyre City": 3,
                "Blantyre Rural": 4,
                "Chikwawa Rural": 5,
                "Chikwawa Urban": 6,
                "Chiradzulu Rural": 7,
                "Chiradzulu Urban": 8,
                "Chitipa Rural": 9,
                "Chitipa Urban": 10,
                "Dedza Rural": 11,
                "Dedza Urban": 12,
                "Dowa Rural": 13,
                "Dowa Urban": 14,
                "Karonga Rural": 15,
                "Karonga Urban": 16,
                "Kasungu Rural": 17,
                "Kasungu Urban": 18,
                "Likoma Rural": 19,
                "Likoma Urban": 20,
                "Lilongwe City": 21,
                "Lilongwe Rural": 22,
                "Machinga Rural": 23,
                "Machinga Urban": 24,
                "Mangochi Rural": 25,
                "Mangochi Urban": 26,
                "Mchinji Rural": 27,
                "Mchinji Urban": 28,
                "Mulanje Rural": 29,
                "Mulanje Urban": 30,
                "Mwanza Rural": 31,
                "Mwanza Urban": 32,
                "Mzimba Rural": 33,
                "Mzuzu City": 34,
                "Neno Rural": 35,
                "Neno Urban": 36,
                "Nkhata Bay Rural": 37,
                "Nkhata Bay Urban": 38,
                "Nkhotakota Rural": 39,
                "Nkhotakota Urban": 40,
                "Nsanje Rural": 41,
                "Nsanje Urban": 42,
                "Ntcheu Rural": 43,
                "Ntcheu Urban": 44,
                "Ntchisi Rural": 45,
                "Ntchisi Urban": 46,
                "Phalombe Rural": 47,
                "Phalombe Urban": 48,
                "Rumphi Rural": 49,
                "Rumphi Urban": 50,
                "Salima Rural": 51,
                "Salima Urban": 52,
                "Thyolo Rural": 53,
                "Thyolo Urban": 54,
                "Zomba  Rural": 55,
                "Zomba City": 56
            },
            "cardinalities": {
                "cat": 57
            },
            "argn_processor": "tgt",
            "argn_table": "t1",
            "argn_column": "c1"
        },
        "weight": {
            "encoding_type": "TABULAR_NUMERIC_BINNED",
            "cardinalities": {
                "bin": 103
            },
            "codes": {
                "<<UNK>>": 0,
                "<<MIN>>": 1,
                "<<MAX>>": 2
            },
            "min_decimal": -8,
            "bins": [
                0.012080392800271511,
                0.024937760084867477,
                0.028307178989052773,
                0.08969327062368393,
                0.11886591464281082,
                0.1319805234670639,
                0.1436513364315033,
                0.16228798031806946,
                0.18340225517749786,
                0.19791872799396515,
                0.21529634296894073,
                0.2289627343416214,
                0.2347855269908905,
                0.24712541699409485,
                0.26002490520477295,
                0.2725815176963806,
                0.28008145093917847,
                0.28579822182655334,
                0.2984042167663574,
                0.3111831247806549,
                0.3230397403240204,
                0.3364432156085968,
                0.35589513182640076,
                0.37149742245674133,
                0.3841942846775055,
                0.4006345570087433,
                0.41679149866104126,
                0.43109774589538574,
                0.4433118402957916,
                0.46062347292900085,
                0.4718772768974304,
                0.488996297121048,
                0.5083165764808655,
                0.5195401310920715,
                0.5304027795791626,
                0.5487892627716064,
                0.5573900938034058,
                0.5642243027687073,
                0.5721383690834045,
                0.582709789276123,
                0.5944830775260925,
                0.6148175597190857,
                0.6300510168075562,
                0.6421844959259033,
                0.664322555065155,
                0.6832087635993958,
                0.6994550228118896,
                0.7155369520187378,
                0.7346357107162476,
                0.7562785148620605,
                0.7693465948104858,
                0.7847930192947388,
                0.7989088892936707,
                0.8173632025718689,
                0.8402186036109924,
                0.8516551852226257,
                0.8752020001411438,
                0.8870453834533691,
                0.8963803052902222,
                0.9058046936988831,
                0.9126613140106201,
                0.9348585605621338,
                0.9589899778366089,
                0.9798911213874817,
                0.9964337348937988,
                1.00826096534729,
                1.0268809795379639,
                1.0435434579849243,
                1.0678822994232178,
                1.096253514289856,
                1.113020658493042,
                1.1423184871673584,
                1.174815058708191,
                1.184050440788269,
                1.2260786294937134,
                1.2616386413574219,
                1.281148076057434,
                1.3184226751327515,
                1.3568490743637085,
                1.3994543552398682,
                1.45583176612854,
                1.4901379346847534,
                1.5412437915802002,
                1.572637915611267,
                1.5980737209320068,
                1.6431025266647339,
                1.6669163703918457,
                1.6896247863769531,
                1.7604821920394897,
                1.8345369100570679,
                1.909613847732544,
                1.988089919090271,
                2.070556879043579,
                2.2709221839904785,
                2.4517648220062256,
                2.66853928565979,
                3.130061626434326,
                3.4130358695983887,
                4.147550582885742,
                5.164520740509033,
                11.163359642028809
            ],
            "argn_processor": "tgt",
            "argn_table": "t2",
            "argn_column": "c2"
        },
        "d_cm": {
            "encoding_type": "TABULAR_NUMERIC_DISCRETE",
            "cardinalities": {
                "cat": 3
            },
            "codes": {
                "_RARE_": 0,
                "0.0": 1,
                "1.0": 2
            },
            "min_decimal": 0,
            "argn_processor": "tgt",
            "argn_table": "t3",
            "argn_column": "c3"
        },
        "d_nutr": {
            "encoding_type": "TABULAR_NUMERIC_DISCRETE",
            "cardinalities": {
                "cat": 3
            },
            "codes": {
                "_RARE_": 0,
                "0.0": 1,
                "1.0": 2
            },
            "min_decimal": 0,
            "argn_processor": "tgt",
            "argn_table": "t4",
            "argn_column": "c4"
        },
        "d_satt": {
            "encoding_type": "TABULAR_NUMERIC_DISCRETE",
            "cardinalities": {
                "cat": 3
            },
            "codes": {
                "_RARE_": 0,
                "0.0": 1,
                "1.0": 2
            },
            "min_decimal": 0,
            "argn_processor": "tgt",
            "argn_table": "t5",
            "argn_column": "c5"
        },
        "d_educ": {
            "encoding_type": "TABULAR_NUMERIC_DISCRETE",
            "cardinalities": {
                "cat": 3
            },
            "codes": {
                "_RARE_": 0,
                "0.0": 1,
                "1.0": 2
            },
            "min_decimal": 0,
            "argn_processor": "tgt",
            "argn_table": "t6",
            "argn_column": "c6"
        },
        "d_elct": {
            "encoding_type": "TABULAR_NUMERIC_DISCRETE",
            "cardinalities": {
                "cat": 3
            },
            "codes": {
                "_RARE_": 0,
                "0.0": 1,
                "1.0": 2
            },
            "min_decimal": 0,
            "argn_processor": "tgt",
            "argn_table": "t7",
            "argn_column": "c7"
        },
        "d_sani": {
            "encoding_type": "TABULAR_NUMERIC_DISCRETE",
            "cardinalities": {
                "cat": 3
            },
            "codes": {
                "_RARE_": 0,
                "0.0": 1,
                "1.0": 2
            },
            "min_decimal": 0,
            "argn_processor": "tgt",
            "argn_table": "t8",
            "argn_column": "c8"
        },
        "d_wtr": {
            "encoding_type": "TABULAR_NUMERIC_DISCRETE",
            "cardinalities": {
                "cat": 3
            },
            "codes": {
                "_RARE_": 0,
                "0.0": 1,
                "1.0": 2
            },
            "min_decimal": 0,
            "argn_processor": "tgt",
            "argn_table": "t9",
            "argn_column": "c9"
        },
        "d_hsg": {
            "encoding_type": "TABULAR_NUMERIC_DISCRETE",
            "cardinalities": {
                "cat": 3
            },
            "codes": {
                "_RARE_": 0,
                "0": 1,
                "1": 2
            },
            "min_decimal": 0,
            "argn_processor": "tgt",
            "argn_table": "t10",
            "argn_column": "c10"
        },
        "d_ckfl": {
            "encoding_type": "TABULAR_NUMERIC_DISCRETE",
            "cardinalities": {
                "cat": 3
            },
            "codes": {
                "_RARE_": 0,
                "0.0": 1,
                "1.0": 2
            },
            "min_decimal": 0,
            "argn_processor": "tgt",
            "argn_table": "t11",
            "argn_column": "c11"
        },
        "d_asst": {
            "encoding_type": "TABULAR_NUMERIC_DISCRETE",
            "cardinalities": {
                "cat": 3
            },
            "codes": {
                "_RARE_": 0,
                "0": 1,
                "1": 2
            },
            "min_decimal": 0,
            "argn_processor": "tgt",
            "argn_table": "t12",
            "argn_column": "c12"
        },
        "sex_Male": {
            "encoding_type": "TABULAR_NUMERIC_DISCRETE",
            "cardinalities": {
                "cat": 14
            },
            "codes": {
                "_RARE_": 0,
                "0": 1,
                "1": 2,
                "2": 3,
                "3": 4,
                "4": 5,
                "5": 6,
                "6": 7,
                "7": 8,
                "8": 9,
                "9": 10,
                "10": 11,
                "12": 12,
                "11": 13
            },
            "min_decimal": 0,
            "argn_processor": "tgt",
            "argn_table": "t13",
            "argn_column": "c13"
        },
        "sex_Female": {
            "encoding_type": "TABULAR_NUMERIC_DISCRETE",
            "cardinalities": {
                "cat": 13
            },
            "codes": {
                "_RARE_": 0,
                "0": 1,
                "1": 2,
                "2": 3,
                "3": 4,
                "4": 5,
                "5": 6,
                "6": 7,
                "7": 8,
                "8": 9,
                "9": 10,
                "10": 11,
                "11": 12
            },
            "min_decimal": 0,
            "argn_processor": "tgt",
            "argn_table": "t14",
            "argn_column": "c14"
        },
        "agec7_0-4": {
            "encoding_type": "TABULAR_NUMERIC_DISCRETE",
            "cardinalities": {
                "cat": 7
            },
            "codes": {
                "_RARE_": 0,
                "0": 1,
                "1": 2,
                "2": 3,
                "3": 4,
                "4": 5,
                "5": 6
            },
            "min_decimal": 0,
            "argn_processor": "tgt",
            "argn_table": "t15",
            "argn_column": "c15"
        },
        "agec7_5-9": {
            "encoding_type": "TABULAR_NUMERIC_DISCRETE",
            "cardinalities": {
                "cat": 8
            },
            "codes": {
                "_RARE_": 0,
                "0": 1,
                "1": 2,
                "2": 3,
                "3": 4,
                "4": 5,
                "5": 6,
                "6": 7
            },
            "min_decimal": 0,
            "argn_processor": "tgt",
            "argn_table": "t16",
            "argn_column": "c16"
        },
        "agec7_10-14": {
            "encoding_type": "TABULAR_NUMERIC_DISCRETE",
            "cardinalities": {
                "cat": 9
            },
            "codes": {
                "_RARE_": 0,
                "0": 1,
                "1": 2,
                "2": 3,
                "3": 4,
                "4": 5,
                "5": 6,
                "6": 7,
                "7": 8
            },
            "min_decimal": 0,
            "argn_processor": "tgt",
            "argn_table": "t17",
            "argn_column": "c17"
        },
        "agec7_15-17": {
            "encoding_type": "TABULAR_NUMERIC_DISCRETE",
            "cardinalities": {
                "cat": 6
            },
            "codes": {
                "_RARE_": 0,
                "0": 1,
                "1": 2,
                "2": 3,
                "3": 4,
                "4": 5
            },
            "min_decimal": 0,
            "argn_processor": "tgt",
            "argn_table": "t18",
            "argn_column": "c18"
        },
        "agec7_18-59": {
            "encoding_type": "TABULAR_NUMERIC_DISCRETE",
            "cardinalities": {
                "cat": 10
            },
            "codes": {
                "_RARE_": 0,
                "0": 1,
                "1": 2,
                "2": 3,
                "3": 4,
                "4": 5,
                "5": 6,
                "6": 7,
                "7": 8,
                "8": 9
            },
            "min_decimal": 0,
            "argn_processor": "tgt",
            "argn_table": "t19",
            "argn_column": "c19"
        },
        "agec7_60+": {
            "encoding_type": "TABULAR_NUMERIC_DISCRETE",
            "cardinalities": {
                "cat": 6
            },
            "codes": {
                "_RARE_": 0,
                "0": 1,
                "1": 2,
                "2": 3,
                "3": 4,
                "4": 5
            },
            "min_decimal": 0,
            "argn_processor": "tgt",
            "argn_table": "t20",
            "argn_column": "c20"
        },
        "hhsize": {
            "encoding_type": "TABULAR_NUMERIC_DISCRETE",
            "cardinalities": {
                "cat": 19
            },
            "codes": {
                "_RARE_": 0,
                "1": 1,
                "2": 2,
                "3": 3,
                "4": 4,
                "5": 5,
                "6": 6,
                "7": 7,
                "8": 8,
                "9": 9,
                "10": 10,
                "11": 11,
                "12": 12,
                "13": 13,
                "14": 14,
                "15": 15,
                "16": 16,
                "17": 17,
                "18": 18
            },
            "min_decimal": 0,
            "argn_processor": "tgt",
            "argn_table": "t21",
            "argn_column": "c21"
        },
        "region": {
            "value_protection": false,
            "encoding_type": "TABULAR_CATEGORICAL",
            "no_of_rare_categories": 0,
            "codes": {
                "_RARE_": 0,
                "Balaka": 1,
                "Blantyre": 2,
                "Chikwawa": 3,
                "Chiradzulu": 4,
                "Chitipa": 5,
                "Dedza": 6,
                "Dowa": 7,
                "Karonga": 8,
                "Kasungu": 9,
                "Likoma": 10,
                "Lilongwe": 11,
                "Machinga": 12,
                "Mangochi": 13,
                "Mchinji": 14,
                "Mulange": 15,
                "Mwanza": 16,
                "Mzimba": 17,
                "Neno": 18,
                "Nkhata Bay": 19,
                "Nkhotakota": 20,
                "Nsanje": 21,
                "Ntcheu": 22,
                "Ntchisi": 23,
                "Phalombe": 24,
                "Rumphi": 25,
                "Salima": 26,
                "Thyolo": 27,
                "Zomba": 28
            },
            "cardinalities": {
                "cat": 29
            },
            "argn_processor": "tgt",
            "argn_table": "t22",
            "argn_column": "c22"
        },
        "area": {
            "value_protection": false,
            "encoding_type": "TABULAR_CATEGORICAL",
            "no_of_rare_categories": 0,
            "codes": {
                "_RARE_": 0,
                "rural": 1,
                "urban": 2
            },
            "cardinalities": {
                "cat": 3
            },
            "argn_processor": "tgt",
            "argn_table": "t23",
            "argn_column": "c23"
        }
    },
    "no_of_training_records": 19736,
    "no_of_validation_records": 4904,
    "seq_len": {
        "min": 1,
        "max": 1,
        "median": 1,
        "value_protection": false
    },
    "is_sequential": false,
    "keys": {
        "primary_key": "hh_id"
    },
    "value_protection_epsilon_spent": null
}