{"rows_original": 111276, "rows_training": 88961, "rows_holdout": 22315, "rows_synthetic": 100000, "tgt_columns": 44, "ctx_columns": 0, "trn_tgt_columns": ["hh_id", "psu", "strata", "weight", "d_cm", "d_nutr", "d_satt", "d_educ", "d_elct", "d_wtr", "d_sani", "d_hsg", "d_ckfl", "d_asst", "sex", "agec7", "hhsize", "area", "region", "eduyears", "no_missing_edu", "attendance", "no_missing_atten", "child_eligible", "underweight", "stunting", "wasting", "child_mortality", "toilet", "shared_toilet", "water", "floor", "wall", "roof", "cookingfuel", "television", "radio", "telephone", "refrigerator", "car", "bicycle", "motorbike", "animal_cart", "computer"], "trn_ctx_columns": null, "report_title": "Model Report", "report_subtitle": " for household_survey:tabular", "report_credits": ""}