{
  "id": "65be0246-c7e2-4b43-82c4-70f46106842d",
  "name": "Application 1",
  "description": null,
  "trainingStatus": "DONE",
  "trainingTime": null,
  "usage": null,
  "metadata": null,
  "accuracy": 0.971521,
  "tables": [
    {
      "id": "677b6ebd-081a-41c1-b804-588cda7f0c12",
      "sourceConnectorId": "33061fa9-9aa5-4ed7-8b0d-e368d425b406",
      "location": "/home/igirela/mostlyai/connectors/33061fa9-9aa5-4ed7-8b0d-e368d425b406/data.parquet",
      "name": "household_survey",
      "primaryKey": "hh_id",
      "columns": [
        {
          "id": "f152df23-d223-4cdd-9dfa-b1d392b10b68",
          "name": "hh_id",
          "included": true,
          "modelEncodingType": "AUTO",
          "valueRange": null
        },
        {
          "id": "9bc2e01a-2471-42b6-aabc-816d83611c83",
          "name": "psu",
          "included": true,
          "modelEncodingType": "TABULAR_NUMERIC_BINNED",
          "valueRange": {
            "min": "1.0",
            "max": "1112.0",
            "values": null,
            "has_null": false
          }
        },
        {
          "id": "89826fae-af4d-4929-b7b1-65895d82a01a",
          "name": "strata",
          "included": true,
          "modelEncodingType": "TABULAR_CATEGORICAL",
          "valueRange": {
            "min": null,
            "max": null,
            "values": [
              "Balaka Rural",
              "Balaka Urban",
              "Blantyre City",
              "Blantyre Rural",
              "Chikwawa Rural",
              "Chikwawa Urban",
              "Chiradzulu Rural",
              "Chiradzulu Urban",
              "Chitipa Rural",
              "Chitipa Urban",
              "Dedza Rural",
              "Dedza Urban",
              "Dowa Rural",
              "Dowa Urban",
              "Karonga Rural",
              "Karonga Urban",
              "Kasungu Rural",
              "Kasungu Urban",
              "Likoma Rural",
              "Likoma Urban",
              "Lilongwe City",
              "Lilongwe Rural",
              "Machinga Rural",
              "Machinga Urban",
              "Mangochi Rural",
              "Mangochi Urban",
              "Mchinji Rural",
              "Mchinji Urban",
              "Mulanje Rural",
              "Mulanje Urban",
              "Mwanza Rural",
              "Mwanza Urban",
              "Mzimba Rural",
              "Mzuzu City",
              "Neno Rural",
              "Neno Urban",
              "Nkhata Bay Rural",
              "Nkhata Bay Urban",
              "Nkhotakota Rural",
              "Nkhotakota Urban",
              "Nsanje Rural",
              "Nsanje Urban",
              "Ntcheu Rural",
              "Ntcheu Urban",
              "Ntchisi Rural",
              "Ntchisi Urban",
              "Phalombe Rural",
              "Phalombe Urban",
              "Rumphi Rural",
              "Rumphi Urban",
              "Salima Rural",
              "Salima Urban",
              "Thyolo Rural",
              "Thyolo Urban",
              "Zomba  Rural",
              "Zomba City"
            ],
            "has_null": false
          }
        },
        {
          "id": "57879ff0-2984-4981-a336-8f79d2e281b6",
          "name": "weight",
          "included": true,
          "modelEncodingType": "TABULAR_NUMERIC_BINNED",
          "valueRange": {
            "min": "0.012080392800271511",
            "max": "11.163359642028809",
            "values": null,
            "has_null": false
          }
        },
        {
          "id": "eb41b6e5-9e02-4be5-a455-73c46cb77d76",
          "name": "d_cm",
          "included": true,
          "modelEncodingType": "TABULAR_NUMERIC_DISCRETE",
          "valueRange": {
            "min": null,
            "max": null,
            "values": [
              "0.0",
              "1.0"
            ],
            "has_null": false
          }
        },
        {
          "id": "7a124645-ba81-463c-8c39-78f3002afefa",
          "name": "d_nutr",
          "included": true,
          "modelEncodingType": "TABULAR_NUMERIC_DISCRETE",
          "valueRange": {
            "min": null,
            "max": null,
            "values": [
              "0.0",
              "1.0"
            ],
            "has_null": false
          }
        },
        {
          "id": "9ba509d9-335e-4760-bf7c-34610bf20906",
          "name": "d_satt",
          "included": true,
          "modelEncodingType": "TABULAR_NUMERIC_DISCRETE",
          "valueRange": {
            "min": null,
            "max": null,
            "values": [
              "0.0",
              "1.0"
            ],
            "has_null": false
          }
        },
        {
          "id": "43be59a0-fedc-46ff-8da0-0bb5d8612d1e",
          "name": "d_educ",
          "included": true,
          "modelEncodingType": "TABULAR_NUMERIC_DISCRETE",
          "valueRange": {
            "min": null,
            "max": null,
            "values": [
              "0.0",
              "1.0"
            ],
            "has_null": false
          }
        },
        {
          "id": "dbe22760-4248-46c1-972d-041f05eea9ab",
          "name": "d_elct",
          "included": true,
          "modelEncodingType": "TABULAR_NUMERIC_DISCRETE",
          "valueRange": {
            "min": null,
            "max": null,
            "values": [
              "0.0",
              "1.0"
            ],
            "has_null": false
          }
        },
        {
          "id": "9da7acc0-1fdd-448a-8ce7-99cbb60ad018",
          "name": "d_sani",
          "included": true,
          "modelEncodingType": "TABULAR_NUMERIC_DISCRETE",
          "valueRange": {
            "min": null,
            "max": null,
            "values": [
              "0.0",
              "1.0"
            ],
            "has_null": false
          }
        },
        {
          "id": "ea0bd3fd-87e5-4874-af63-ee3155316994",
          "name": "d_wtr",
          "included": true,
          "modelEncodingType": "TABULAR_NUMERIC_DISCRETE",
          "valueRange": {
            "min": null,
            "max": null,
            "values": [
              "0.0",
              "1.0"
            ],
            "has_null": false
          }
        },
        {
          "id": "347aa747-3be6-4560-a7ab-3847e9bb4121",
          "name": "d_hsg",
          "included": true,
          "modelEncodingType": "TABULAR_NUMERIC_DISCRETE",
          "valueRange": {
            "min": null,
            "max": null,
            "values": [
              "0",
              "1"
            ],
            "has_null": false
          }
        },
        {
          "id": "8a8db0b9-37e9-4826-a90e-de7fb53ebd92",
          "name": "d_ckfl",
          "included": true,
          "modelEncodingType": "TABULAR_NUMERIC_DISCRETE",
          "valueRange": {
            "min": null,
            "max": null,
            "values": [
              "0.0",
              "1.0"
            ],
            "has_null": false
          }
        },
        {
          "id": "456a6929-0e94-45e4-bb92-0f434dc424e3",
          "name": "d_asst",
          "included": true,
          "modelEncodingType": "TABULAR_NUMERIC_DISCRETE",
          "valueRange": {
            "min": null,
            "max": null,
            "values": [
              "0",
              "1"
            ],
            "has_null": false
          }
        },
        {
          "id": "bbda4199-a1e0-4650-860e-213046b84877",
          "name": "sex_Male",
          "included": true,
          "modelEncodingType": "TABULAR_NUMERIC_DISCRETE",
          "valueRange": {
            "min": null,
            "max": null,
            "values": [
              "0",
              "1",
              "2",
              "3",
              "4",
              "5",
              "6",
              "7",
              "8",
              "9",
              "10",
              "12",
              "11"
            ],
            "has_null": false
          }
        },
        {
          "id": "1251e365-dcd4-4428-8c0a-ca3349362a98",
          "name": "sex_Female",
          "included": true,
          "modelEncodingType": "TABULAR_NUMERIC_DISCRETE",
          "valueRange": {
            "min": null,
            "max": null,
            "values": [
              "0",
              "1",
              "2",
              "3",
              "4",
              "5",
              "6",
              "7",
              "8",
              "9",
              "10",
              "11"
            ],
            "has_null": false
          }
        },
        {
          "id": "6be5655b-0af8-486a-923a-5811a382beba",
          "name": "agec7_0-4",
          "included": true,
          "modelEncodingType": "TABULAR_NUMERIC_DISCRETE",
          "valueRange": {
            "min": null,
            "max": null,
            "values": [
              "0",
              "1",
              "2",
              "3",
              "4",
              "5"
            ],
            "has_null": false
          }
        },
        {
          "id": "84dcf0dc-bd72-4c50-b87a-b74f9801d398",
          "name": "agec7_5-9",
          "included": true,
          "modelEncodingType": "TABULAR_NUMERIC_DISCRETE",
          "valueRange": {
            "min": null,
            "max": null,
            "values": [
              "0",
              "1",
              "2",
              "3",
              "4",
              "5",
              "6"
            ],
            "has_null": false
          }
        },
        {
          "id": "9d665f14-6aca-4256-8882-f356650fe5e9",
          "name": "agec7_10-14",
          "included": true,
          "modelEncodingType": "TABULAR_NUMERIC_DISCRETE",
          "valueRange": {
            "min": null,
            "max": null,
            "values": [
              "0",
              "1",
              "2",
              "3",
              "4",
              "5",
              "6",
              "7"
            ],
            "has_null": false
          }
        },
        {
          "id": "ebdf8125-a9f1-4e3d-a1f2-9eef355c22ea",
          "name": "agec7_15-17",
          "included": true,
          "modelEncodingType": "TABULAR_NUMERIC_DISCRETE",
          "valueRange": {
            "min": null,
            "max": null,
            "values": [
              "0",
              "1",
              "2",
              "3",
              "4"
            ],
            "has_null": false
          }
        },
        {
          "id": "169d7ae1-17ce-49f0-b768-b14fad7edfbd",
          "name": "agec7_18-59",
          "included": true,
          "modelEncodingType": "TABULAR_NUMERIC_DISCRETE",
          "valueRange": {
            "min": null,
            "max": null,
            "values": [
              "0",
              "1",
              "2",
              "3",
              "4",
              "5",
              "6",
              "7",
              "8"
            ],
            "has_null": false
          }
        },
        {
          "id": "f9541350-6ef6-49fc-8f0b-cc28f942bf90",
          "name": "agec7_60+",
          "included": true,
          "modelEncodingType": "TABULAR_NUMERIC_DISCRETE",
          "valueRange": {
            "min": null,
            "max": null,
            "values": [
              "0",
              "1",
              "2",
              "3",
              "4"
            ],
            "has_null": false
          }
        },
        {
          "id": "3d134d8c-28e4-406c-8554-5ab21a3b91f8",
          "name": "hhsize",
          "included": true,
          "modelEncodingType": "TABULAR_NUMERIC_DISCRETE",
          "valueRange": {
            "min": null,
            "max": null,
            "values": [
              "1",
              "2",
              "3",
              "4",
              "5",
              "6",
              "7",
              "8",
              "9",
              "10",
              "11",
              "12",
              "13",
              "14",
              "15",
              "16",
              "17",
              "18"
            ],
            "has_null": false
          }
        },
        {
          "id": "2b5e8a81-8d5e-446c-9777-6ad311f7b511",
          "name": "region",
          "included": true,
          "modelEncodingType": "TABULAR_CATEGORICAL",
          "valueRange": {
            "min": null,
            "max": null,
            "values": [
              "Balaka",
              "Blantyre",
              "Chikwawa",
              "Chiradzulu",
              "Chitipa",
              "Dedza",
              "Dowa",
              "Karonga",
              "Kasungu",
              "Likoma",
              "Lilongwe",
              "Machinga",
              "Mangochi",
              "Mchinji",
              "Mulange",
              "Mwanza",
              "Mzimba",
              "Neno",
              "Nkhata Bay",
              "Nkhotakota",
              "Nsanje",
              "Ntcheu",
              "Ntchisi",
              "Phalombe",
              "Rumphi",
              "Salima",
              "Thyolo",
              "Zomba"
            ],
            "has_null": false
          }
        },
        {
          "id": "d36e9ab3-c78c-4e61-8bcc-47059a41927d",
          "name": "area",
          "included": true,
          "modelEncodingType": "TABULAR_CATEGORICAL",
          "valueRange": {
            "min": null,
            "max": null,
            "values": [
              "rural",
              "urban"
            ],
            "has_null": false
          }
        }
      ],
      "foreignKeys": null,
      "tabularModelMetrics": {
        "accuracy": {
          "overall": 0.971521,
          "univariate": 0.9866913,
          "bivariate": 0.9724059,
          "trivariate": 0.9554659,
          "coherence": null,
          "overallMax": 0.9875343,
          "univariateMax": 0.9948054,
          "bivariateMax": 0.9886562,
          "trivariateMax": 0.9791412,
          "coherenceMax": null
        },
        "distances": {
          "imsTraining": 0.0,
          "imsHoldout": 0.0,
          "imsTrnHol": 0.035,
          "dcrTraining": 0.026,
          "dcrHoldout": 0.026,
          "dcrTrnHol": 0.023,
          "dcrShare": 0.515,
          "nndrTraining": 0.001914048539,
          "nndrHoldout": 0.003033551204,
          "nndrTrnHol": 1.042662e-6
        },
        "similarity": {
          "cosineSimilarityTrainingSynthetic": 0.9991722,
          "cosineSimilarityTrainingHoldout": 0.9997454,
          "discriminatorAUCTrainingSynthetic": 0.628,
          "discriminatorAUCTrainingHoldout": 0.505
        }
      },
      "languageModelMetrics": null,
      "tabularModelConfiguration": {
        "model": "MOSTLY_AI/Large",
        "maxSampleSize": null,
        "batchSize": null,
        "gradientAccumulationSteps": null,
        "maxTrainingTime": 14400.0,
        "maxEpochs": 100.0,
        "maxSequenceWindow": 100,
        "enableFlexibleGeneration": true,
        "valueProtection": false,
        "rareCategoryReplacementMethod": "CONSTANT",
        "differentialPrivacy": null,
        "compute": null,
        "enableModelReport": true
      },
      "languageModelConfiguration": null,
      "totalRows": 24640
    }
  ],
  "randomState": null
}