{
  "id": "bcf0a4ed-a01e-4788-a261-b92924d8a2a7",
  "name": "Application 2",
  "description": null,
  "trainingStatus": "DONE",
  "trainingTime": null,
  "usage": null,
  "metadata": null,
  "accuracy": 0.9658637,
  "tables": [
    {
      "id": "8f37831d-73d6-48dd-a00c-f999a670ecb3",
      "sourceConnectorId": "530939e7-8ba6-406c-a651-aaf7e66f8cb1",
      "location": "/home/igirela/mostlyai/connectors/530939e7-8ba6-406c-a651-aaf7e66f8cb1/data.parquet",
      "name": "household_survey",
      "primaryKey": "hh_id",
      "columns": [
        {
          "id": "12fe7699-3fec-4a64-bc29-810ea1b042d1",
          "name": "hh_id",
          "included": true,
          "modelEncodingType": "AUTO",
          "valueRange": null
        },
        {
          "id": "9fd0b2a8-b0f8-401c-950b-3d0f46d78ffc",
          "name": "psu",
          "included": true,
          "modelEncodingType": "TABULAR_NUMERIC_BINNED",
          "valueRange": {
            "min": "1.0",
            "max": "1112.0",
            "values": null,
            "has_null": false
          }
        },
        {
          "id": "b3ccb68d-10d5-4b8e-a272-4d75885cd752",
          "name": "strata",
          "included": true,
          "modelEncodingType": "TABULAR_CATEGORICAL",
          "valueRange": {
            "min": null,
            "max": null,
            "values": [
              "Balaka Rural",
              "Balaka Urban",
              "Blantyre City",
              "Blantyre Rural",
              "Chikwawa Rural",
              "Chikwawa Urban",
              "Chiradzulu Rural",
              "Chiradzulu Urban",
              "Chitipa Rural",
              "Chitipa Urban",
              "Dedza Rural",
              "Dedza Urban",
              "Dowa Rural",
              "Dowa Urban",
              "Karonga Rural",
              "Karonga Urban",
              "Kasungu Rural",
              "Kasungu Urban",
              "Likoma Rural",
              "Likoma Urban",
              "Lilongwe City",
              "Lilongwe Rural",
              "Machinga Rural",
              "Machinga Urban",
              "Mangochi Rural",
              "Mangochi Urban",
              "Mchinji Rural",
              "Mchinji Urban",
              "Mulanje Rural",
              "Mulanje Urban",
              "Mwanza Rural",
              "Mwanza Urban",
              "Mzimba Rural",
              "Mzuzu City",
              "Neno Rural",
              "Neno Urban",
              "Nkhata Bay Rural",
              "Nkhata Bay Urban",
              "Nkhotakota Rural",
              "Nkhotakota Urban",
              "Nsanje Rural",
              "Nsanje Urban",
              "Ntcheu Rural",
              "Ntcheu Urban",
              "Ntchisi Rural",
              "Ntchisi Urban",
              "Phalombe Rural",
              "Phalombe Urban",
              "Rumphi Rural",
              "Rumphi Urban",
              "Salima Rural",
              "Salima Urban",
              "Thyolo Rural",
              "Thyolo Urban",
              "Zomba  Rural",
              "Zomba City"
            ],
            "has_null": false
          }
        },
        {
          "id": "c7c04fa4-4bf4-4bee-83f1-0ec69ff7efc3",
          "name": "weight",
          "included": true,
          "modelEncodingType": "TABULAR_NUMERIC_BINNED",
          "valueRange": {
            "min": "0.012080392800271511",
            "max": "11.163359642028809",
            "values": null,
            "has_null": false
          }
        },
        {
          "id": "65906ec2-8e54-4248-bc8c-ff2eba116fb3",
          "name": "d_cm",
          "included": true,
          "modelEncodingType": "TABULAR_NUMERIC_DISCRETE",
          "valueRange": {
            "min": null,
            "max": null,
            "values": [
              "0.0",
              "1.0"
            ],
            "has_null": true
          }
        },
        {
          "id": "a4db9257-1c86-4a5b-8717-952b8962a03f",
          "name": "d_nutr",
          "included": true,
          "modelEncodingType": "TABULAR_NUMERIC_DISCRETE",
          "valueRange": {
            "min": null,
            "max": null,
            "values": [
              "0.0",
              "1.0"
            ],
            "has_null": true
          }
        },
        {
          "id": "acf83597-fd4d-4169-bafa-c969d113246d",
          "name": "d_satt",
          "included": true,
          "modelEncodingType": "TABULAR_NUMERIC_DISCRETE",
          "valueRange": {
            "min": null,
            "max": null,
            "values": [
              "0.0",
              "1.0"
            ],
            "has_null": true
          }
        },
        {
          "id": "affc6707-3f31-4e52-8cbf-9aa62847cbb9",
          "name": "d_educ",
          "included": true,
          "modelEncodingType": "TABULAR_NUMERIC_DISCRETE",
          "valueRange": {
            "min": null,
            "max": null,
            "values": [
              "0.0",
              "1.0"
            ],
            "has_null": true
          }
        },
        {
          "id": "c6ec102d-0600-4168-bc19-29bec1a1fa06",
          "name": "d_elct",
          "included": true,
          "modelEncodingType": "TABULAR_NUMERIC_DISCRETE",
          "valueRange": {
            "min": null,
            "max": null,
            "values": [
              "0.0",
              "1.0"
            ],
            "has_null": true
          }
        },
        {
          "id": "331ef928-bf42-4b69-9ab0-277297a3b638",
          "name": "d_sani",
          "included": true,
          "modelEncodingType": "TABULAR_NUMERIC_DISCRETE",
          "valueRange": {
            "min": null,
            "max": null,
            "values": [
              "0.0",
              "1.0"
            ],
            "has_null": true
          }
        },
        {
          "id": "26b57721-7b47-4c0d-9cd6-452fad37598b",
          "name": "d_wtr",
          "included": true,
          "modelEncodingType": "TABULAR_NUMERIC_DISCRETE",
          "valueRange": {
            "min": null,
            "max": null,
            "values": [
              "0.0",
              "1.0"
            ],
            "has_null": true
          }
        },
        {
          "id": "0e8029c8-cc3d-415d-a1ab-ef9404a9f7e6",
          "name": "d_hsg",
          "included": true,
          "modelEncodingType": "TABULAR_NUMERIC_DISCRETE",
          "valueRange": {
            "min": null,
            "max": null,
            "values": [
              "0",
              "1"
            ],
            "has_null": false
          }
        },
        {
          "id": "65242203-ab98-4d6c-90f3-935e8728d086",
          "name": "d_ckfl",
          "included": true,
          "modelEncodingType": "TABULAR_NUMERIC_DISCRETE",
          "valueRange": {
            "min": null,
            "max": null,
            "values": [
              "0.0",
              "1.0"
            ],
            "has_null": true
          }
        },
        {
          "id": "ded2975f-9a2c-4857-8276-be83ada80a9a",
          "name": "d_asst",
          "included": true,
          "modelEncodingType": "TABULAR_NUMERIC_DISCRETE",
          "valueRange": {
            "min": null,
            "max": null,
            "values": [
              "0",
              "1"
            ],
            "has_null": false
          }
        },
        {
          "id": "53567d32-4615-412a-a0b1-1085df63ba87",
          "name": "sex_Male",
          "included": true,
          "modelEncodingType": "TABULAR_NUMERIC_DISCRETE",
          "valueRange": {
            "min": null,
            "max": null,
            "values": [
              "0",
              "1",
              "2",
              "3",
              "4",
              "5",
              "6",
              "7",
              "8",
              "9",
              "10",
              "11",
              "12"
            ],
            "has_null": false
          }
        },
        {
          "id": "c95e4480-2916-4ec6-8151-84296c1a3806",
          "name": "sex_Female",
          "included": true,
          "modelEncodingType": "TABULAR_NUMERIC_DISCRETE",
          "valueRange": {
            "min": null,
            "max": null,
            "values": [
              "0",
              "1",
              "2",
              "3",
              "4",
              "5",
              "6",
              "7",
              "8",
              "9",
              "10",
              "11"
            ],
            "has_null": false
          }
        },
        {
          "id": "574ab3e5-3e37-46ec-be12-0d7d4fff2e6b",
          "name": "agec7_0-4",
          "included": true,
          "modelEncodingType": "TABULAR_NUMERIC_DISCRETE",
          "valueRange": {
            "min": null,
            "max": null,
            "values": [
              "0",
              "1",
              "2",
              "3",
              "4",
              "5"
            ],
            "has_null": false
          }
        },
        {
          "id": "f5b8e0df-4820-43fa-8852-aa02542c2874",
          "name": "agec7_5-9",
          "included": true,
          "modelEncodingType": "TABULAR_NUMERIC_DISCRETE",
          "valueRange": {
            "min": null,
            "max": null,
            "values": [
              "0",
              "1",
              "2",
              "3",
              "4",
              "5",
              "6"
            ],
            "has_null": false
          }
        },
        {
          "id": "80e98402-dc42-4096-9f6b-9476febcbabe",
          "name": "agec7_10-14",
          "included": true,
          "modelEncodingType": "TABULAR_NUMERIC_DISCRETE",
          "valueRange": {
            "min": null,
            "max": null,
            "values": [
              "0",
              "1",
              "2",
              "3",
              "4",
              "5",
              "6",
              "7"
            ],
            "has_null": false
          }
        },
        {
          "id": "bb40da44-53ee-4bf2-8d9f-39974a779eef",
          "name": "agec7_15-17",
          "included": true,
          "modelEncodingType": "TABULAR_NUMERIC_DISCRETE",
          "valueRange": {
            "min": null,
            "max": null,
            "values": [
              "0",
              "1",
              "2",
              "3",
              "4"
            ],
            "has_null": false
          }
        },
        {
          "id": "132bc7c6-2e43-443c-bf27-a83a5ca751ca",
          "name": "agec7_18-59",
          "included": true,
          "modelEncodingType": "TABULAR_NUMERIC_DISCRETE",
          "valueRange": {
            "min": null,
            "max": null,
            "values": [
              "0",
              "1",
              "2",
              "3",
              "4",
              "5",
              "6",
              "7",
              "8"
            ],
            "has_null": false
          }
        },
        {
          "id": "b67291ef-a96c-4970-aa06-b5ea38006d7c",
          "name": "agec7_60+",
          "included": true,
          "modelEncodingType": "TABULAR_NUMERIC_DISCRETE",
          "valueRange": {
            "min": null,
            "max": null,
            "values": [
              "0",
              "1",
              "2",
              "3",
              "4"
            ],
            "has_null": false
          }
        },
        {
          "id": "e6b7f4e9-942e-4182-8884-cdbf73e47cfe",
          "name": "hhsize",
          "included": true,
          "modelEncodingType": "TABULAR_NUMERIC_DISCRETE",
          "valueRange": {
            "min": null,
            "max": null,
            "values": [
              "1",
              "2",
              "3",
              "4",
              "5",
              "6",
              "7",
              "8",
              "9",
              "10",
              "11",
              "12",
              "13",
              "14",
              "15",
              "16",
              "17",
              "18"
            ],
            "has_null": false
          }
        },
        {
          "id": "1f1803ca-4c0b-480d-a084-62bfc082a870",
          "name": "region",
          "included": true,
          "modelEncodingType": "TABULAR_CATEGORICAL",
          "valueRange": {
            "min": null,
            "max": null,
            "values": [
              "Balaka",
              "Blantyre",
              "Chikwawa",
              "Chiradzulu",
              "Chitipa",
              "Dedza",
              "Dowa",
              "Karonga",
              "Kasungu",
              "Likoma",
              "Lilongwe",
              "Machinga",
              "Mangochi",
              "Mchinji",
              "Mulange",
              "Mwanza",
              "Mzimba",
              "Neno",
              "Nkhata Bay",
              "Nkhotakota",
              "Nsanje",
              "Ntcheu",
              "Ntchisi",
              "Phalombe",
              "Rumphi",
              "Salima",
              "Thyolo",
              "Zomba"
            ],
            "has_null": false
          }
        },
        {
          "id": "c31cf6b5-8ecb-465d-a822-aae89c5c4fa3",
          "name": "area",
          "included": true,
          "modelEncodingType": "TABULAR_CATEGORICAL",
          "valueRange": {
            "min": null,
            "max": null,
            "values": [
              "rural",
              "urban"
            ],
            "has_null": false
          }
        }
      ],
      "foreignKeys": null,
      "tabularModelMetrics": {
        "accuracy": {
          "overall": 0.9658637,
          "univariate": 0.9822383,
          "bivariate": 0.9664832,
          "trivariate": 0.9488696,
          "coherence": null,
          "overallMax": 0.9875178,
          "univariateMax": 0.9948308,
          "bivariateMax": 0.9886649,
          "trivariateMax": 0.9790578,
          "coherenceMax": null
        },
        "distances": {
          "imsTraining": 0.0,
          "imsHoldout": 0.001,
          "imsTrnHol": 0.018,
          "dcrTraining": 0.082,
          "dcrHoldout": 0.083,
          "dcrTrnHol": 0.04,
          "dcrShare": 0.512,
          "nndrTraining": 0.001786960783,
          "nndrHoldout": 0.002274555871,
          "nndrTrnHol": 6.336036e-6
        },
        "similarity": {
          "cosineSimilarityTrainingSynthetic": 0.9993377,
          "cosineSimilarityTrainingHoldout": 0.9998394,
          "discriminatorAUCTrainingSynthetic": 0.638,
          "discriminatorAUCTrainingHoldout": 0.514
        }
      },
      "languageModelMetrics": null,
      "tabularModelConfiguration": {
        "model": "MOSTLY_AI/Large",
        "maxSampleSize": null,
        "batchSize": null,
        "gradientAccumulationSteps": null,
        "maxTrainingTime": 14400.0,
        "maxEpochs": 100.0,
        "maxSequenceWindow": 100,
        "enableFlexibleGeneration": true,
        "valueProtection": false,
        "rareCategoryReplacementMethod": "CONSTANT",
        "differentialPrivacy": null,
        "compute": null,
        "enableModelReport": true
      },
      "languageModelConfiguration": null,
      "totalRows": 25419
    }
  ],
  "randomState": null
}