{
    "columns": {
        "hh_id": {
            "encoding_type": "TABULAR_NUMERIC_BINNED",
            "cardinalities": {
                "bin": 103
            },
            "codes": {
                "<<UNK>>": 0,
                "<<MIN>>": 1,
                "<<MAX>>": 2
            },
            "min_decimal": 0,
            "bins": [
                101.0,
                1004.0,
                2024.0,
                3124.0,
                4307.0,
                5321.0,
                6321.0,
                7318.0,
                8220.0,
                9202.0,
                10006.0,
                10802.0,
                11714.0,
                12821.0,
                14003.0,
                15206.0,
                16309.0,
                17405.0,
                18412.0,
                19310.0,
                20008.0,
                20701.0,
                21712.0,
                22907.0,
                24013.0,
                25122.0,
                26217.0,
                27201.0,
                28105.0,
                29111.0,
                30214.0,
                31221.0,
                32318.0,
                33521.0,
                34713.0,
                35904.0,
                37102.0,
                38208.0,
                39224.0,
                40303.0,
                41502.0,
                42610.0,
                43815.0,
                45015.0,
                46116.0,
                47211.0,
                48307.0,
                49412.0,
                50603.0,
                51701.0,
                52818.0,
                53908.0,
                55123.0,
                56221.0,
                57420.0,
                58617.0,
                59715.0,
                60820.0,
                61918.0,
                63107.0,
                64216.0,
                65413.0,
                66703.0,
                67816.0,
                69124.0,
                70402.0,
                71617.0,
                72905.0,
                74203.0,
                75408.0,
                76407.0,
                77322.0,
                78514.0,
                79717.0,
                80819.0,
                82111.0,
                83409.0,
                84606.0,
                85715.0,
                87009.0,
                88214.0,
                89305.0,
                90507.0,
                91606.0,
                92706.0,
                93816.0,
                95009.0,
                96102.0,
                97213.0,
                98405.0,
                99520.0,
                100719.0,
                101924.0,
                103110.0,
                104212.0,
                105412.0,
                106602.0,
                107614.0,
                108818.0,
                110014.0,
                111224.0
            ],
            "argn_processor": "tgt",
            "argn_table": "t0",
            "argn_column": "c0"
        },
        "psu": {
            "encoding_type": "TABULAR_NUMERIC_BINNED",
            "cardinalities": {
                "bin": 103
            },
            "codes": {
                "<<UNK>>": 0,
                "<<MIN>>": 1,
                "<<MAX>>": 2
            },
            "min_decimal": 0,
            "bins": [
                1.0,
                10.0,
                20.0,
                31.0,
                43.0,
                53.0,
                63.0,
                73.0,
                82.0,
                92.0,
                100.0,
                108.0,
                117.0,
                128.0,
                140.0,
                152.0,
                163.0,
                174.0,
                184.0,
                193.0,
                200.0,
                207.0,
                217.0,
                229.0,
                240.0,
                251.0,
                262.0,
                272.0,
                281.0,
                291.0,
                302.0,
                312.0,
                323.0,
                335.0,
                347.0,
                359.0,
                371.0,
                382.0,
                392.0,
                403.0,
                415.0,
                426.0,
                438.0,
                450.0,
                461.0,
                472.0,
                483.0,
                494.0,
                506.0,
                517.0,
                528.0,
                539.0,
                551.0,
                562.0,
                574.0,
                586.0,
                597.0,
                608.0,
                619.0,
                631.0,
                642.0,
                654.0,
                667.0,
                678.0,
                691.0,
                704.0,
                716.0,
                729.0,
                742.0,
                754.0,
                764.0,
                773.0,
                785.0,
                797.0,
                808.0,
                821.0,
                834.0,
                846.0,
                857.0,
                870.0,
                882.0,
                893.0,
                905.0,
                916.0,
                927.0,
                938.0,
                950.0,
                961.0,
                972.0,
                984.0,
                995.0,
                1007.0,
                1019.0,
                1031.0,
                1042.0,
                1054.0,
                1066.0,
                1076.0,
                1088.0,
                1100.0,
                1112.0
            ],
            "argn_processor": "tgt",
            "argn_table": "t1",
            "argn_column": "c1"
        },
        "strata": {
            "value_protection": false,
            "encoding_type": "TABULAR_CATEGORICAL",
            "no_of_rare_categories": 0,
            "codes": {
                "_RARE_": 0,
                "Balaka Rural": 1,
                "Balaka Urban": 2,
                "Blantyre City": 3,
                "Blantyre Rural": 4,
                "Chikwawa Rural": 5,
                "Chikwawa Urban": 6,
                "Chiradzulu Rural": 7,
                "Chiradzulu Urban": 8,
                "Chitipa Rural": 9,
                "Chitipa Urban": 10,
                "Dedza Rural": 11,
                "Dedza Urban": 12,
                "Dowa Rural": 13,
                "Dowa Urban": 14,
                "Karonga Rural": 15,
                "Karonga Urban": 16,
                "Kasungu Rural": 17,
                "Kasungu Urban": 18,
                "Likoma Rural": 19,
                "Likoma Urban": 20,
                "Lilongwe City": 21,
                "Lilongwe Rural": 22,
                "Machinga Rural": 23,
                "Machinga Urban": 24,
                "Mangochi Rural": 25,
                "Mangochi Urban": 26,
                "Mchinji Rural": 27,
                "Mchinji Urban": 28,
                "Mulanje Rural": 29,
                "Mulanje Urban": 30,
                "Mwanza Rural": 31,
                "Mwanza Urban": 32,
                "Mzimba Rural": 33,
                "Mzuzu City": 34,
                "Neno Rural": 35,
                "Neno Urban": 36,
                "Nkhata Bay Rural": 37,
                "Nkhata Bay Urban": 38,
                "Nkhotakota Rural": 39,
                "Nkhotakota Urban": 40,
                "Nsanje Rural": 41,
                "Nsanje Urban": 42,
                "Ntcheu Rural": 43,
                "Ntcheu Urban": 44,
                "Ntchisi Rural": 45,
                "Ntchisi Urban": 46,
                "Phalombe Rural": 47,
                "Phalombe Urban": 48,
                "Rumphi Rural": 49,
                "Rumphi Urban": 50,
                "Salima Rural": 51,
                "Salima Urban": 52,
                "Thyolo Rural": 53,
                "Thyolo Urban": 54,
                "Zomba  Rural": 55,
                "Zomba City": 56
            },
            "cardinalities": {
                "cat": 57
            },
            "argn_processor": "tgt",
            "argn_table": "t2",
            "argn_column": "c2"
        },
        "weight": {
            "encoding_type": "TABULAR_NUMERIC_BINNED",
            "cardinalities": {
                "bin": 103
            },
            "codes": {
                "<<UNK>>": 0,
                "<<MIN>>": 1,
                "<<MAX>>": 2
            },
            "min_decimal": -8,
            "bins": [
                0.012080392800271511,
                0.024937760084867477,
                0.028098957613110542,
                0.08759599179029465,
                0.118832066655159,
                0.13092881441116333,
                0.1422903686761856,
                0.15787525475025177,
                0.18213655054569244,
                0.19619430601596832,
                0.20970536768436432,
                0.2218773066997528,
                0.23222002387046814,
                0.23905424773693085,
                0.2512938380241394,
                0.26289767026901245,
                0.2745451331138611,
                0.28036296367645264,
                0.2906264364719391,
                0.29896578192710876,
                0.31257912516593933,
                0.3235112726688385,
                0.3372659385204315,
                0.35589513182640076,
                0.37149742245674133,
                0.3838861286640167,
                0.39879241585731506,
                0.41679149866104126,
                0.43109774589538574,
                0.44054168462753296,
                0.4600229263305664,
                0.46994611620903015,
                0.4887770712375641,
                0.5008054375648499,
                0.5180519819259644,
                0.5262059569358826,
                0.5383812785148621,
                0.5522500276565552,
                0.5614210367202759,
                0.5692437887191772,
                0.5742623209953308,
                0.5860011577606201,
                0.6074814200401306,
                0.6235129833221436,
                0.6334717869758606,
                0.6445889472961426,
                0.6726710200309753,
                0.6878244280815125,
                0.7049718499183655,
                0.7201761603355408,
                0.7384411692619324,
                0.7617671489715576,
                0.7783982753753662,
                0.7859525084495544,
                0.8006201386451721,
                0.8221977353096008,
                0.8432921767234802,
                0.8629558086395264,
                0.8810082077980042,
                0.8905583620071411,
                0.9017414450645447,
                0.9117977619171143,
                0.9281303882598877,
                0.9540727734565735,
                0.9758927822113037,
                0.9902044534683228,
                0.9984154105186462,
                1.0250756740570068,
                1.0435281991958618,
                1.0574471950531006,
                1.088606834411621,
                1.1050419807434082,
                1.1318252086639404,
                1.1722607612609863,
                1.1832631826400757,
                1.2238129377365112,
                1.2550369501113892,
                1.2798794507980347,
                1.3184226751327515,
                1.349946141242981,
                1.3994543552398682,
                1.45583176612854,
                1.4901379346847534,
                1.5437519550323486,
                1.5755436420440674,
                1.6092649698257446,
                1.6477464437484741,
                1.6766365766525269,
                1.7276469469070435,
                1.7927165031433105,
                1.8811311721801758,
                1.9310083389282227,
                2.035264730453491,
                2.168992519378662,
                2.336975574493408,
                2.5876624584198,
                3.0385560989379883,
                3.379739761352539,
                4.147550582885742,
                5.164520740509033,
                11.163359642028809
            ],
            "argn_processor": "tgt",
            "argn_table": "t3",
            "argn_column": "c3"
        },
        "d_cm": {
            "encoding_type": "TABULAR_NUMERIC_DISCRETE",
            "cardinalities": {
                "cat": 4
            },
            "codes": {
                "_RARE_": 0,
                "<<NULL>>": 1,
                "0.0": 2,
                "1.0": 3
            },
            "min_decimal": 0,
            "argn_processor": "tgt",
            "argn_table": "t4",
            "argn_column": "c4"
        },
        "d_nutr": {
            "encoding_type": "TABULAR_NUMERIC_DISCRETE",
            "cardinalities": {
                "cat": 4
            },
            "codes": {
                "_RARE_": 0,
                "<<NULL>>": 1,
                "0.0": 2,
                "1.0": 3
            },
            "min_decimal": 0,
            "argn_processor": "tgt",
            "argn_table": "t5",
            "argn_column": "c5"
        },
        "d_satt": {
            "encoding_type": "TABULAR_NUMERIC_DISCRETE",
            "cardinalities": {
                "cat": 4
            },
            "codes": {
                "_RARE_": 0,
                "<<NULL>>": 1,
                "0.0": 2,
                "1.0": 3
            },
            "min_decimal": 0,
            "argn_processor": "tgt",
            "argn_table": "t6",
            "argn_column": "c6"
        },
        "d_educ": {
            "encoding_type": "TABULAR_NUMERIC_DISCRETE",
            "cardinalities": {
                "cat": 4
            },
            "codes": {
                "_RARE_": 0,
                "<<NULL>>": 1,
                "0.0": 2,
                "1.0": 3
            },
            "min_decimal": 0,
            "argn_processor": "tgt",
            "argn_table": "t7",
            "argn_column": "c7"
        },
        "d_elct": {
            "encoding_type": "TABULAR_NUMERIC_DISCRETE",
            "cardinalities": {
                "cat": 4
            },
            "codes": {
                "_RARE_": 0,
                "<<NULL>>": 1,
                "0.0": 2,
                "1.0": 3
            },
            "min_decimal": 0,
            "argn_processor": "tgt",
            "argn_table": "t8",
            "argn_column": "c8"
        },
        "d_wtr": {
            "encoding_type": "TABULAR_NUMERIC_DISCRETE",
            "cardinalities": {
                "cat": 4
            },
            "codes": {
                "_RARE_": 0,
                "<<NULL>>": 1,
                "0.0": 2,
                "1.0": 3
            },
            "min_decimal": 0,
            "argn_processor": "tgt",
            "argn_table": "t9",
            "argn_column": "c9"
        },
        "d_sani": {
            "encoding_type": "TABULAR_NUMERIC_DISCRETE",
            "cardinalities": {
                "cat": 4
            },
            "codes": {
                "_RARE_": 0,
                "<<NULL>>": 1,
                "0.0": 2,
                "1.0": 3
            },
            "min_decimal": 0,
            "argn_processor": "tgt",
            "argn_table": "t10",
            "argn_column": "c10"
        },
        "d_hsg": {
            "encoding_type": "TABULAR_NUMERIC_DISCRETE",
            "cardinalities": {
                "cat": 3
            },
            "codes": {
                "_RARE_": 0,
                "0": 1,
                "1": 2
            },
            "min_decimal": 0,
            "argn_processor": "tgt",
            "argn_table": "t11",
            "argn_column": "c11"
        },
        "d_ckfl": {
            "encoding_type": "TABULAR_NUMERIC_DISCRETE",
            "cardinalities": {
                "cat": 4
            },
            "codes": {
                "_RARE_": 0,
                "<<NULL>>": 1,
                "0.0": 2,
                "1.0": 3
            },
            "min_decimal": 0,
            "argn_processor": "tgt",
            "argn_table": "t12",
            "argn_column": "c12"
        },
        "d_asst": {
            "encoding_type": "TABULAR_NUMERIC_DISCRETE",
            "cardinalities": {
                "cat": 3
            },
            "codes": {
                "_RARE_": 0,
                "0": 1,
                "1": 2
            },
            "min_decimal": 0,
            "argn_processor": "tgt",
            "argn_table": "t13",
            "argn_column": "c13"
        },
        "sex": {
            "value_protection": false,
            "encoding_type": "TABULAR_CATEGORICAL",
            "no_of_rare_categories": 0,
            "codes": {
                "_RARE_": 0,
                "Female": 1,
                "Male": 2
            },
            "cardinalities": {
                "cat": 3
            },
            "argn_processor": "tgt",
            "argn_table": "t14",
            "argn_column": "c14"
        },
        "agec7": {
            "value_protection": false,
            "encoding_type": "TABULAR_CATEGORICAL",
            "no_of_rare_categories": 0,
            "codes": {
                "_RARE_": 0,
                "0-4": 1,
                "10-14": 2,
                "15-17": 3,
                "18-59": 4,
                "5-9": 5,
                "60+": 6
            },
            "cardinalities": {
                "cat": 7
            },
            "argn_processor": "tgt",
            "argn_table": "t15",
            "argn_column": "c15"
        },
        "hhsize": {
            "encoding_type": "TABULAR_NUMERIC_DISCRETE",
            "cardinalities": {
                "cat": 19
            },
            "codes": {
                "_RARE_": 0,
                "1": 1,
                "2": 2,
                "3": 3,
                "4": 4,
                "5": 5,
                "6": 6,
                "7": 7,
                "8": 8,
                "9": 9,
                "10": 10,
                "11": 11,
                "12": 12,
                "13": 13,
                "14": 14,
                "15": 15,
                "16": 16,
                "17": 17,
                "18": 18
            },
            "min_decimal": 0,
            "argn_processor": "tgt",
            "argn_table": "t16",
            "argn_column": "c16"
        },
        "area": {
            "value_protection": false,
            "encoding_type": "TABULAR_CATEGORICAL",
            "no_of_rare_categories": 0,
            "codes": {
                "_RARE_": 0,
                "rural": 1,
                "urban": 2
            },
            "cardinalities": {
                "cat": 3
            },
            "argn_processor": "tgt",
            "argn_table": "t17",
            "argn_column": "c17"
        },
        "region": {
            "value_protection": false,
            "encoding_type": "TABULAR_CATEGORICAL",
            "no_of_rare_categories": 0,
            "codes": {
                "_RARE_": 0,
                "Balaka": 1,
                "Blantyre": 2,
                "Chikwawa": 3,
                "Chiradzulu": 4,
                "Chitipa": 5,
                "Dedza": 6,
                "Dowa": 7,
                "Karonga": 8,
                "Kasungu": 9,
                "Likoma": 10,
                "Lilongwe": 11,
                "Machinga": 12,
                "Mangochi": 13,
                "Mchinji": 14,
                "Mulange": 15,
                "Mwanza": 16,
                "Mzimba": 17,
                "Neno": 18,
                "Nkhata Bay": 19,
                "Nkhotakota": 20,
                "Nsanje": 21,
                "Ntcheu": 22,
                "Ntchisi": 23,
                "Phalombe": 24,
                "Rumphi": 25,
                "Salima": 26,
                "Thyolo": 27,
                "Zomba": 28
            },
            "cardinalities": {
                "cat": 29
            },
            "argn_processor": "tgt",
            "argn_table": "t18",
            "argn_column": "c18"
        },
        "eduyears": {
            "encoding_type": "TABULAR_NUMERIC_DISCRETE",
            "cardinalities": {
                "cat": 23
            },
            "codes": {
                "_RARE_": 0,
                "<<NULL>>": 1,
                "0.0": 2,
                "1.0": 3,
                "2.0": 4,
                "3.0": 5,
                "4.0": 6,
                "5.0": 7,
                "6.0": 8,
                "7.0": 9,
                "8.0": 10,
                "9.0": 11,
                "10.0": 12,
                "11.0": 13,
                "12.0": 14,
                "13.0": 15,
                "14.0": 16,
                "15.0": 17,
                "16.0": 18,
                "17.0": 19,
                "18.0": 20,
                "19.0": 21,
                "20.0": 22
            },
            "min_decimal": 0,
            "argn_processor": "tgt",
            "argn_table": "t19",
            "argn_column": "c19"
        },
        "no_missing_edu": {
            "encoding_type": "TABULAR_NUMERIC_DISCRETE",
            "cardinalities": {
                "cat": 3
            },
            "codes": {
                "_RARE_": 0,
                "0": 1,
                "1": 2
            },
            "min_decimal": 0,
            "argn_processor": "tgt",
            "argn_table": "t20",
            "argn_column": "c20"
        },
        "attendance": {
            "value_protection": false,
            "encoding_type": "TABULAR_CATEGORICAL",
            "no_of_rare_categories": 0,
            "codes": {
                "_RARE_": 0,
                "<<NULL>>": 1,
                "currently attending": 2,
                "not currently attending": 3
            },
            "cardinalities": {
                "cat": 4
            },
            "argn_processor": "tgt",
            "argn_table": "t21",
            "argn_column": "c21"
        },
        "no_missing_atten": {
            "encoding_type": "TABULAR_NUMERIC_DISCRETE",
            "cardinalities": {
                "cat": 3
            },
            "codes": {
                "_RARE_": 0,
                "0": 1,
                "1": 2
            },
            "min_decimal": 0,
            "argn_processor": "tgt",
            "argn_table": "t22",
            "argn_column": "c22"
        },
        "child_eligible": {
            "encoding_type": "TABULAR_NUMERIC_DISCRETE",
            "cardinalities": {
                "cat": 3
            },
            "codes": {
                "_RARE_": 0,
                "0": 1,
                "1": 2
            },
            "min_decimal": 0,
            "argn_processor": "tgt",
            "argn_table": "t23",
            "argn_column": "c23"
        },
        "underweight": {
            "encoding_type": "TABULAR_NUMERIC_DISCRETE",
            "cardinalities": {
                "cat": 4
            },
            "codes": {
                "_RARE_": 0,
                "<<NULL>>": 1,
                "0.0": 2,
                "1.0": 3
            },
            "min_decimal": 0,
            "argn_processor": "tgt",
            "argn_table": "t24",
            "argn_column": "c24"
        },
        "stunting": {
            "encoding_type": "TABULAR_NUMERIC_DISCRETE",
            "cardinalities": {
                "cat": 4
            },
            "codes": {
                "_RARE_": 0,
                "<<NULL>>": 1,
                "0.0": 2,
                "1.0": 3
            },
            "min_decimal": 0,
            "argn_processor": "tgt",
            "argn_table": "t25",
            "argn_column": "c25"
        },
        "wasting": {
            "encoding_type": "TABULAR_NUMERIC_DISCRETE",
            "cardinalities": {
                "cat": 4
            },
            "codes": {
                "_RARE_": 0,
                "<<NULL>>": 1,
                "0.0": 2,
                "1.0": 3
            },
            "min_decimal": 0,
            "argn_processor": "tgt",
            "argn_table": "t26",
            "argn_column": "c26"
        },
        "child_mortality": {
            "encoding_type": "TABULAR_NUMERIC_DISCRETE",
            "cardinalities": {
                "cat": 11
            },
            "codes": {
                "_RARE_": 0,
                "<<NULL>>": 1,
                "0.0": 2,
                "1.0": 3,
                "2.0": 4,
                "3.0": 5,
                "4.0": 6,
                "5.0": 7,
                "6.0": 8,
                "7.0": 9,
                "8.0": 10
            },
            "min_decimal": 0,
            "argn_processor": "tgt",
            "argn_table": "t27",
            "argn_column": "c27"
        },
        "toilet": {
            "value_protection": false,
            "encoding_type": "TABULAR_CATEGORICAL",
            "no_of_rare_categories": 0,
            "codes": {
                "_RARE_": 0,
                "COMPOSTING TOILET": 1,
                "FLUSH / POUR FLUSH: FLUSH TO DK WHERE": 2,
                "FLUSH / POUR FLUSH: FLUSH TO OPEN DRAIN": 3,
                "FLUSH / POUR FLUSH: FLUSH TO PIPED SEWER SYSTEM": 4,
                "FLUSH / POUR FLUSH: FLUSH TO PIT LATRINE": 5,
                "FLUSH / POUR FLUSH: FLUSH TO SEPTIC TANK": 6,
                "HANGING TOILET / HANGING LATRINE": 7,
                "NO FACILITY / BUSH / FIELD": 8,
                "NO RESPONSE": 9,
                "OTHER": 10,
                "PIT LATRINE: PIT LATRINE WITH SLAB": 11,
                "PIT LATRINE: PIT LATRINE WITHOUT SLAB / OPEN PIT": 12,
                "PIT LATRINE: VENTILATED IMPROVED PIT LATRINE": 13
            },
            "cardinalities": {
                "cat": 14
            },
            "argn_processor": "tgt",
            "argn_table": "t28",
            "argn_column": "c28"
        },
        "shared_toilet": {
            "value_protection": false,
            "encoding_type": "TABULAR_CATEGORICAL",
            "no_of_rare_categories": 0,
            "codes": {
                "_RARE_": 0,
                "<<NULL>>": 1,
                "0.0": 2,
                "YES": 3
            },
            "cardinalities": {
                "cat": 4
            },
            "argn_processor": "tgt",
            "argn_table": "t29",
            "argn_column": "c29"
        },
        "water": {
            "value_protection": false,
            "encoding_type": "TABULAR_CATEGORICAL",
            "no_of_rare_categories": 0,
            "codes": {
                "_RARE_": 0,
                "CART WITH SMALL TANK": 1,
                "DUG WELL: PROTECTED WELL": 2,
                "DUG WELL: UNPROTECTED WELL": 3,
                "NO RESPONSE": 4,
                "OTHER": 5,
                "PACKAGED WATER: BOTTLED WATER": 6,
                "PIPED WATER: PIPED INTO DWELLING": 7,
                "PIPED WATER: PIPED TO NEIGHBOUR": 8,
                "PIPED WATER: PIPED TO YARD / PLOT": 9,
                "PIPED WATER: PUBLIC TAP / STANDPIPE": 10,
                "RAINWATER": 11,
                "SPRING: PROTECTED SPRING": 12,
                "SPRING: UNPROTECTED SPRING": 13,
                "SURFACE WATER (RIVER, DAM, LAKE, POND, STREAM, CANAL, IRRIGATION CHANNEL)": 14,
                "TANKER-TRUCK": 15,
                "TUBE WELL / BOREHOLE": 16,
                "WATER KIOSK": 17
            },
            "cardinalities": {
                "cat": 18
            },
            "argn_processor": "tgt",
            "argn_table": "t30",
            "argn_column": "c30"
        },
        "floor": {
            "value_protection": false,
            "encoding_type": "TABULAR_CATEGORICAL",
            "no_of_rare_categories": 0,
            "codes": {
                "_RARE_": 0,
                "CARPET": 1,
                "CEMENT": 2,
                "CERAMIC TILES": 3,
                "DUNG": 4,
                "EARTH / SAND": 5,
                "NO RESPONSE": 6,
                "OTHER": 7,
                "PALM / BAMBOO": 8,
                "PARQUET OR POLISHED WOOD": 9,
                "VINYL OR ASPHALT STRIPS": 10,
                "WOOD PLANKS": 11
            },
            "cardinalities": {
                "cat": 12
            },
            "argn_processor": "tgt",
            "argn_table": "t31",
            "argn_column": "c31"
        },
        "wall": {
            "value_protection": false,
            "encoding_type": "TABULAR_CATEGORICAL",
            "no_of_rare_categories": 0,
            "codes": {
                "_RARE_": 0,
                "BAMBOO WITH MUD": 1,
                "BRICKS (BURNT)": 2,
                "CANE / PALM / TRUNKS": 3,
                "CARDBOARD": 4,
                "CEMENT": 5,
                "CEMENT BLOCKS": 6,
                "COVERED ADOBE": 7,
                "DIRT": 8,
                "NO WALLS": 9,
                "OTHER": 10,
                "PLYWOOD": 11,
                "REUSED WOOD": 12,
                "STONE WITH LIME / CEMENT": 13,
                "STONE WITH MUD": 14,
                "UNCOVERED ADOBE (UNBURNT BRICKS)": 15,
                "WOOD PLANKS / SHINGLES": 16
            },
            "cardinalities": {
                "cat": 17
            },
            "argn_processor": "tgt",
            "argn_table": "t32",
            "argn_column": "c32"
        },
        "roof": {
            "value_protection": false,
            "encoding_type": "TABULAR_CATEGORICAL",
            "no_of_rare_categories": 0,
            "codes": {
                "_RARE_": 0,
                "CALAMINE / CEMENT FIBRE": 1,
                "CARDBOARD": 2,
                "CEMENT": 3,
                "CERAMIC TILES": 4,
                "IRON SHEETS / METAL / TIN": 5,
                "NO ROOF": 6,
                "OTHER": 7,
                "PALM / BAMBOO": 8,
                "ROOFING SHINGLES": 9,
                "RUSTIC MAT": 10,
                "THATCH / PALM LEAF": 11,
                "WOOD": 12,
                "WOOD PLANKS": 13
            },
            "cardinalities": {
                "cat": 14
            },
            "argn_processor": "tgt",
            "argn_table": "t33",
            "argn_column": "c33"
        },
        "cookingfuel": {
            "value_protection": false,
            "encoding_type": "TABULAR_CATEGORICAL",
            "no_of_rare_categories": 0,
            "codes": {
                "_RARE_": 0,
                "<<NULL>>": 1,
                "ALCOHOL / ETHANOL": 2,
                "ANIMAL DUNG / WASTE": 3,
                "CHARCOAL": 4,
                "COAL / LIGNITE": 5,
                "CROP RESIDUE / GRASS / STRAW / SHRUBS": 6,
                "GASOLINE / DIESEL": 7,
                "KEROSENE / PARAFFIN": 8,
                "NO RESPONSE": 9,
                "OTHER": 10,
                "PROCESSED BIOMASS (PELLETS) OR WOODCHIPS/BRIQUETTES": 11,
                "WOOD": 12
            },
            "cardinalities": {
                "cat": 13
            },
            "argn_processor": "tgt",
            "argn_table": "t34",
            "argn_column": "c34"
        },
        "television": {
            "value_protection": false,
            "encoding_type": "TABULAR_CATEGORICAL",
            "no_of_rare_categories": 0,
            "codes": {
                "_RARE_": 0,
                "<<NULL>>": 1,
                "No": 2,
                "Yes": 3
            },
            "cardinalities": {
                "cat": 4
            },
            "argn_processor": "tgt",
            "argn_table": "t35",
            "argn_column": "c35"
        },
        "radio": {
            "value_protection": false,
            "encoding_type": "TABULAR_CATEGORICAL",
            "no_of_rare_categories": 0,
            "codes": {
                "_RARE_": 0,
                "<<NULL>>": 1,
                "No": 2,
                "Yes": 3
            },
            "cardinalities": {
                "cat": 4
            },
            "argn_processor": "tgt",
            "argn_table": "t36",
            "argn_column": "c36"
        },
        "telephone": {
            "value_protection": false,
            "encoding_type": "TABULAR_CATEGORICAL",
            "no_of_rare_categories": 0,
            "codes": {
                "_RARE_": 0,
                "<<NULL>>": 1,
                "No": 2,
                "Yes": 3
            },
            "cardinalities": {
                "cat": 4
            },
            "argn_processor": "tgt",
            "argn_table": "t37",
            "argn_column": "c37"
        },
        "refrigerator": {
            "value_protection": false,
            "encoding_type": "TABULAR_CATEGORICAL",
            "no_of_rare_categories": 0,
            "codes": {
                "_RARE_": 0,
                "<<NULL>>": 1,
                "No": 2,
                "Yes": 3
            },
            "cardinalities": {
                "cat": 4
            },
            "argn_processor": "tgt",
            "argn_table": "t38",
            "argn_column": "c38"
        },
        "car": {
            "value_protection": false,
            "encoding_type": "TABULAR_CATEGORICAL",
            "no_of_rare_categories": 0,
            "codes": {
                "_RARE_": 0,
                "<<NULL>>": 1,
                "No": 2,
                "Yes": 3
            },
            "cardinalities": {
                "cat": 4
            },
            "argn_processor": "tgt",
            "argn_table": "t39",
            "argn_column": "c39"
        },
        "bicycle": {
            "value_protection": false,
            "encoding_type": "TABULAR_CATEGORICAL",
            "no_of_rare_categories": 0,
            "codes": {
                "_RARE_": 0,
                "<<NULL>>": 1,
                "No": 2,
                "Yes": 3
            },
            "cardinalities": {
                "cat": 4
            },
            "argn_processor": "tgt",
            "argn_table": "t40",
            "argn_column": "c40"
        },
        "motorbike": {
            "value_protection": false,
            "encoding_type": "TABULAR_CATEGORICAL",
            "no_of_rare_categories": 0,
            "codes": {
                "_RARE_": 0,
                "<<NULL>>": 1,
                "No": 2,
                "Yes": 3
            },
            "cardinalities": {
                "cat": 4
            },
            "argn_processor": "tgt",
            "argn_table": "t41",
            "argn_column": "c41"
        },
        "animal_cart": {
            "value_protection": false,
            "encoding_type": "TABULAR_CATEGORICAL",
            "no_of_rare_categories": 0,
            "codes": {
                "_RARE_": 0,
                "<<NULL>>": 1,
                "No": 2,
                "Yes": 3
            },
            "cardinalities": {
                "cat": 4
            },
            "argn_processor": "tgt",
            "argn_table": "t42",
            "argn_column": "c42"
        },
        "computer": {
            "value_protection": false,
            "encoding_type": "TABULAR_CATEGORICAL",
            "no_of_rare_categories": 0,
            "codes": {
                "_RARE_": 0,
                "<<NULL>>": 1,
                "No": 2,
                "Yes": 3
            },
            "cardinalities": {
                "cat": 4
            },
            "argn_processor": "tgt",
            "argn_table": "t43",
            "argn_column": "c43"
        }
    },
    "no_of_training_records": 88961,
    "no_of_validation_records": 22315,
    "seq_len": {
        "min": 1,
        "max": 1,
        "median": 1,
        "value_protection": false
    },
    "is_sequential": false,
    "keys": {
        "primary_key": "ind_id"
    },
    "value_protection_epsilon_spent": null
}