{
    "columns": {
        "hh_id": {
            "encoding_type": "TABULAR_NUMERIC_BINNED",
            "cardinalities": {
                "bin": 103
            },
            "codes": {
                "<<UNK>>": 0,
                "<<MIN>>": 1,
                "<<MAX>>": 2
            },
            "min_decimal": 0,
            "bins": [
                102.0,
                1017.0,
                2106.0,
                3218.0,
                4402.0,
                5419.0,
                6410.0,
                7415.0,
                8321.0,
                9221.0,
                10106.0,
                10902.0,
                11805.0,
                12923.0,
                14015.0,
                15205.0,
                16310.0,
                17419.0,
                18414.0,
                19317.0,
                20015.0,
                20801.0,
                21902.0,
                22923.0,
                24107.0,
                25203.0,
                26318.0,
                27302.0,
                28204.0,
                29213.0,
                30308.0,
                31417.0,
                32420.0,
                33623.0,
                34810.0,
                36014.0,
                37211.0,
                38310.0,
                39303.0,
                40306.0,
                41505.0,
                42621.0,
                43810.0,
                45015.0,
                46207.0,
                47211.0,
                48218.0,
                49411.0,
                50603.0,
                51709.0,
                52807.0,
                53821.0,
                55112.0,
                56211.0,
                57407.0,
                58518.0,
                59709.0,
                60801.0,
                61824.0,
                63019.0,
                64124.0,
                65315.0,
                66418.0,
                67602.0,
                68905.0,
                70117.0,
                71422.0,
                72608.0,
                73823.0,
                75102.0,
                76205.0,
                77204.0,
                78302.0,
                79503.0,
                80414.0,
                81806.0,
                83105.0,
                84401.0,
                85423.0,
                86715.0,
                87915.0,
                89020.0,
                90215.0,
                91316.0,
                92410.0,
                93602.0,
                94805.0,
                95914.0,
                97105.0,
                98122.0,
                99314.0,
                100517.0,
                101706.0,
                102904.0,
                104010.0,
                105315.0,
                106520.0,
                107718.0,
                108917.0,
                110114.0,
                111224.0
            ],
            "argn_processor": "tgt",
            "argn_table": "t0",
            "argn_column": "c0"
        },
        "psu": {
            "encoding_type": "TABULAR_NUMERIC_BINNED",
            "cardinalities": {
                "bin": 103
            },
            "codes": {
                "<<UNK>>": 0,
                "<<MIN>>": 1,
                "<<MAX>>": 2
            },
            "min_decimal": 0,
            "bins": [
                1.0,
                10.0,
                21.0,
                32.0,
                44.0,
                54.0,
                64.0,
                74.0,
                83.0,
                92.0,
                101.0,
                109.0,
                118.0,
                129.0,
                140.0,
                152.0,
                163.0,
                174.0,
                184.0,
                193.0,
                200.0,
                208.0,
                219.0,
                229.0,
                241.0,
                252.0,
                263.0,
                273.0,
                282.0,
                292.0,
                303.0,
                314.0,
                324.0,
                336.0,
                348.0,
                360.0,
                372.0,
                383.0,
                393.0,
                403.0,
                415.0,
                426.0,
                438.0,
                450.0,
                462.0,
                472.0,
                482.0,
                494.0,
                506.0,
                517.0,
                528.0,
                538.0,
                551.0,
                562.0,
                574.0,
                585.0,
                597.0,
                608.0,
                618.0,
                630.0,
                641.0,
                653.0,
                664.0,
                676.0,
                689.0,
                701.0,
                714.0,
                726.0,
                738.0,
                751.0,
                762.0,
                772.0,
                783.0,
                795.0,
                804.0,
                818.0,
                831.0,
                844.0,
                854.0,
                867.0,
                879.0,
                890.0,
                902.0,
                913.0,
                924.0,
                936.0,
                948.0,
                959.0,
                971.0,
                981.0,
                993.0,
                1005.0,
                1017.0,
                1029.0,
                1040.0,
                1053.0,
                1065.0,
                1077.0,
                1089.0,
                1101.0,
                1112.0
            ],
            "argn_processor": "tgt",
            "argn_table": "t1",
            "argn_column": "c1"
        },
        "strata": {
            "value_protection": false,
            "encoding_type": "TABULAR_CATEGORICAL",
            "no_of_rare_categories": 0,
            "codes": {
                "_RARE_": 0,
                "Balaka Rural": 1,
                "Balaka Urban": 2,
                "Blantyre City": 3,
                "Blantyre Rural": 4,
                "Chikwawa Rural": 5,
                "Chikwawa Urban": 6,
                "Chiradzulu Rural": 7,
                "Chiradzulu Urban": 8,
                "Chitipa Rural": 9,
                "Chitipa Urban": 10,
                "Dedza Rural": 11,
                "Dedza Urban": 12,
                "Dowa Rural": 13,
                "Dowa Urban": 14,
                "Karonga Rural": 15,
                "Karonga Urban": 16,
                "Kasungu Rural": 17,
                "Kasungu Urban": 18,
                "Likoma Rural": 19,
                "Likoma Urban": 20,
                "Lilongwe City": 21,
                "Lilongwe Rural": 22,
                "Machinga Rural": 23,
                "Machinga Urban": 24,
                "Mangochi Rural": 25,
                "Mangochi Urban": 26,
                "Mchinji Rural": 27,
                "Mchinji Urban": 28,
                "Mulanje Rural": 29,
                "Mulanje Urban": 30,
                "Mwanza Rural": 31,
                "Mwanza Urban": 32,
                "Mzimba Rural": 33,
                "Mzuzu City": 34,
                "Neno Rural": 35,
                "Neno Urban": 36,
                "Nkhata Bay Rural": 37,
                "Nkhata Bay Urban": 38,
                "Nkhotakota Rural": 39,
                "Nkhotakota Urban": 40,
                "Nsanje Rural": 41,
                "Nsanje Urban": 42,
                "Ntcheu Rural": 43,
                "Ntcheu Urban": 44,
                "Ntchisi Rural": 45,
                "Ntchisi Urban": 46,
                "Phalombe Rural": 47,
                "Phalombe Urban": 48,
                "Rumphi Rural": 49,
                "Rumphi Urban": 50,
                "Salima Rural": 51,
                "Salima Urban": 52,
                "Thyolo Rural": 53,
                "Thyolo Urban": 54,
                "Zomba  Rural": 55,
                "Zomba City": 56
            },
            "cardinalities": {
                "cat": 57
            },
            "argn_processor": "tgt",
            "argn_table": "t2",
            "argn_column": "c2"
        },
        "weight": {
            "encoding_type": "TABULAR_NUMERIC_BINNED",
            "cardinalities": {
                "bin": 103
            },
            "codes": {
                "<<UNK>>": 0,
                "<<MIN>>": 1,
                "<<MAX>>": 2
            },
            "min_decimal": -8,
            "bins": [
                0.012080392800271511,
                0.024937760084867477,
                0.028098689392209053,
                0.08701025694608688,
                0.118832066655159,
                0.1319805234670639,
                0.1436513364315033,
                0.15787525475025177,
                0.1826789826154709,
                0.19675885140895844,
                0.20996184647083282,
                0.22376678884029388,
                0.2341865748167038,
                0.24069854617118835,
                0.2524435818195343,
                0.2654627561569214,
                0.2745591104030609,
                0.2813265025615692,
                0.29120877385139465,
                0.29896578192710876,
                0.31257912516593933,
                0.324629008769989,
                0.3380969166755676,
                0.35589513182640076,
                0.3715965449810028,
                0.3841942846775055,
                0.4006345570087433,
                0.4185123145580292,
                0.43225330114364624,
                0.4437299966812134,
                0.4608785808086395,
                0.4731382429599762,
                0.48904991149902344,
                0.5083165764808655,
                0.5195401310920715,
                0.5287915468215942,
                0.5454087257385254,
                0.5539536476135254,
                0.5629339814186096,
                0.571128785610199,
                0.577944278717041,
                0.5890794992446899,
                0.6112131476402283,
                0.6250742077827454,
                0.6349940896034241,
                0.6539435386657715,
                0.6769621968269348,
                0.6950535774230957,
                0.7075491547584534,
                0.7241705656051636,
                0.7476872205734253,
                0.7644181847572327,
                0.7792065739631653,
                0.7915547490119934,
                0.8035576343536377,
                0.8276058435440063,
                0.844451904296875,
                0.869454026222229,
                0.8824060559272766,
                0.8913441300392151,
                0.9024657011032104,
                0.9121851325035095,
                0.9344220757484436,
                0.955768346786499,
                0.9772673845291138,
                0.9922144412994385,
                1.0059354305267334,
                1.025882601737976,
                1.0436893701553345,
                1.0672290325164795,
                1.090126395225525,
                1.1113877296447754,
                1.1323161125183105,
                1.173888921737671,
                1.184050440788269,
                1.2262483835220337,
                1.2551445960998535,
                1.2809125185012817,
                1.3185127973556519,
                1.3568490743637085,
                1.4026650190353394,
                1.45583176612854,
                1.5046789646148682,
                1.5437519550323486,
                1.5755436420440674,
                1.6092649698257446,
                1.6477464437484741,
                1.6766365766525269,
                1.7262557744979858,
                1.7927165031433105,
                1.8811311721801758,
                1.9310083389282227,
                2.0199170112609863,
                2.1326286792755127,
                2.336975574493408,
                2.5730602741241455,
                2.982196807861328,
                3.379739761352539,
                4.147550582885742,
                5.164520740509033,
                11.163359642028809
            ],
            "argn_processor": "tgt",
            "argn_table": "t3",
            "argn_column": "c3"
        },
        "d_cm": {
            "encoding_type": "TABULAR_NUMERIC_DISCRETE",
            "cardinalities": {
                "cat": 3
            },
            "codes": {
                "_RARE_": 0,
                "0.0": 1,
                "1.0": 2
            },
            "min_decimal": 0,
            "argn_processor": "tgt",
            "argn_table": "t4",
            "argn_column": "c4"
        },
        "d_nutr": {
            "encoding_type": "TABULAR_NUMERIC_DISCRETE",
            "cardinalities": {
                "cat": 3
            },
            "codes": {
                "_RARE_": 0,
                "0.0": 1,
                "1.0": 2
            },
            "min_decimal": 0,
            "argn_processor": "tgt",
            "argn_table": "t5",
            "argn_column": "c5"
        },
        "d_satt": {
            "encoding_type": "TABULAR_NUMERIC_DISCRETE",
            "cardinalities": {
                "cat": 3
            },
            "codes": {
                "_RARE_": 0,
                "0.0": 1,
                "1.0": 2
            },
            "min_decimal": 0,
            "argn_processor": "tgt",
            "argn_table": "t6",
            "argn_column": "c6"
        },
        "d_educ": {
            "encoding_type": "TABULAR_NUMERIC_DISCRETE",
            "cardinalities": {
                "cat": 3
            },
            "codes": {
                "_RARE_": 0,
                "0.0": 1,
                "1.0": 2
            },
            "min_decimal": 0,
            "argn_processor": "tgt",
            "argn_table": "t7",
            "argn_column": "c7"
        },
        "d_elct": {
            "encoding_type": "TABULAR_NUMERIC_DISCRETE",
            "cardinalities": {
                "cat": 3
            },
            "codes": {
                "_RARE_": 0,
                "0.0": 1,
                "1.0": 2
            },
            "min_decimal": 0,
            "argn_processor": "tgt",
            "argn_table": "t8",
            "argn_column": "c8"
        },
        "d_sani": {
            "encoding_type": "TABULAR_NUMERIC_DISCRETE",
            "cardinalities": {
                "cat": 3
            },
            "codes": {
                "_RARE_": 0,
                "0.0": 1,
                "1.0": 2
            },
            "min_decimal": 0,
            "argn_processor": "tgt",
            "argn_table": "t9",
            "argn_column": "c9"
        },
        "d_wtr": {
            "encoding_type": "TABULAR_NUMERIC_DISCRETE",
            "cardinalities": {
                "cat": 3
            },
            "codes": {
                "_RARE_": 0,
                "0.0": 1,
                "1.0": 2
            },
            "min_decimal": 0,
            "argn_processor": "tgt",
            "argn_table": "t10",
            "argn_column": "c10"
        },
        "d_hsg": {
            "encoding_type": "TABULAR_NUMERIC_DISCRETE",
            "cardinalities": {
                "cat": 3
            },
            "codes": {
                "_RARE_": 0,
                "0": 1,
                "1": 2
            },
            "min_decimal": 0,
            "argn_processor": "tgt",
            "argn_table": "t11",
            "argn_column": "c11"
        },
        "d_ckfl": {
            "encoding_type": "TABULAR_NUMERIC_DISCRETE",
            "cardinalities": {
                "cat": 3
            },
            "codes": {
                "_RARE_": 0,
                "0.0": 1,
                "1.0": 2
            },
            "min_decimal": 0,
            "argn_processor": "tgt",
            "argn_table": "t12",
            "argn_column": "c12"
        },
        "d_asst": {
            "encoding_type": "TABULAR_NUMERIC_DISCRETE",
            "cardinalities": {
                "cat": 3
            },
            "codes": {
                "_RARE_": 0,
                "0": 1,
                "1": 2
            },
            "min_decimal": 0,
            "argn_processor": "tgt",
            "argn_table": "t13",
            "argn_column": "c13"
        },
        "sex": {
            "value_protection": false,
            "encoding_type": "TABULAR_CATEGORICAL",
            "no_of_rare_categories": 0,
            "codes": {
                "_RARE_": 0,
                "Female": 1,
                "Male": 2
            },
            "cardinalities": {
                "cat": 3
            },
            "argn_processor": "tgt",
            "argn_table": "t14",
            "argn_column": "c14"
        },
        "agec7": {
            "value_protection": false,
            "encoding_type": "TABULAR_CATEGORICAL",
            "no_of_rare_categories": 0,
            "codes": {
                "_RARE_": 0,
                "0-4": 1,
                "10-14": 2,
                "15-17": 3,
                "18-59": 4,
                "5-9": 5,
                "60+": 6
            },
            "cardinalities": {
                "cat": 7
            },
            "argn_processor": "tgt",
            "argn_table": "t15",
            "argn_column": "c15"
        },
        "hhsize": {
            "encoding_type": "TABULAR_NUMERIC_DISCRETE",
            "cardinalities": {
                "cat": 19
            },
            "codes": {
                "_RARE_": 0,
                "1": 1,
                "2": 2,
                "3": 3,
                "4": 4,
                "5": 5,
                "6": 6,
                "7": 7,
                "8": 8,
                "9": 9,
                "10": 10,
                "11": 11,
                "12": 12,
                "13": 13,
                "14": 14,
                "15": 15,
                "16": 16,
                "17": 17,
                "18": 18
            },
            "min_decimal": 0,
            "argn_processor": "tgt",
            "argn_table": "t16",
            "argn_column": "c16"
        },
        "region": {
            "value_protection": false,
            "encoding_type": "TABULAR_CATEGORICAL",
            "no_of_rare_categories": 0,
            "codes": {
                "_RARE_": 0,
                "Balaka": 1,
                "Blantyre": 2,
                "Chikwawa": 3,
                "Chiradzulu": 4,
                "Chitipa": 5,
                "Dedza": 6,
                "Dowa": 7,
                "Karonga": 8,
                "Kasungu": 9,
                "Likoma": 10,
                "Lilongwe": 11,
                "Machinga": 12,
                "Mangochi": 13,
                "Mchinji": 14,
                "Mulange": 15,
                "Mwanza": 16,
                "Mzimba": 17,
                "Neno": 18,
                "Nkhata Bay": 19,
                "Nkhotakota": 20,
                "Nsanje": 21,
                "Ntcheu": 22,
                "Ntchisi": 23,
                "Phalombe": 24,
                "Rumphi": 25,
                "Salima": 26,
                "Thyolo": 27,
                "Zomba": 28
            },
            "cardinalities": {
                "cat": 29
            },
            "argn_processor": "tgt",
            "argn_table": "t17",
            "argn_column": "c17"
        },
        "area": {
            "value_protection": false,
            "encoding_type": "TABULAR_CATEGORICAL",
            "no_of_rare_categories": 0,
            "codes": {
                "_RARE_": 0,
                "rural": 1,
                "urban": 2
            },
            "cardinalities": {
                "cat": 3
            },
            "argn_processor": "tgt",
            "argn_table": "t18",
            "argn_column": "c18"
        }
    },
    "no_of_training_records": 86088,
    "no_of_validation_records": 21607,
    "seq_len": {
        "min": 1,
        "max": 1,
        "median": 1,
        "value_protection": false
    },
    "is_sequential": false,
    "keys": {},
    "value_protection_epsilon_spent": null
}