{
  "id": "5c8885c9-ebeb-4263-b4cd-3940f6d3b188",
  "name": "Application 4",
  "description": null,
  "trainingStatus": "DONE",
  "trainingTime": null,
  "usage": null,
  "metadata": null,
  "accuracy": 0.9745504,
  "tables": [
    {
      "id": "503d877c-d4a7-4a42-b364-5b212b99caab",
      "sourceConnectorId": "82dfa5af-92df-4791-873d-33273d99d66b",
      "location": "/home/igirela/mostlyai/connectors/82dfa5af-92df-4791-873d-33273d99d66b/data.parquet",
      "name": "household_survey",
      "primaryKey": "ind_id",
      "columns": [
        {
          "id": "07c732ec-ca6e-49ef-a500-673a921b8c20",
          "name": "hh_id",
          "included": true,
          "modelEncodingType": "TABULAR_NUMERIC_BINNED",
          "valueRange": {
            "min": "101.0",
            "max": "111224.0",
            "values": null,
            "has_null": false
          }
        },
        {
          "id": "bac7039f-2d6b-440c-aa56-8bf62c05a4c6",
          "name": "ind_id",
          "included": true,
          "modelEncodingType": "AUTO",
          "valueRange": null
        },
        {
          "id": "9b70b732-6c79-4844-ab85-14b010af6723",
          "name": "psu",
          "included": true,
          "modelEncodingType": "TABULAR_NUMERIC_BINNED",
          "valueRange": {
            "min": "1.0",
            "max": "1112.0",
            "values": null,
            "has_null": false
          }
        },
        {
          "id": "3ad69f45-0ddb-4c45-9a1a-f7a7f3d0a26d",
          "name": "strata",
          "included": true,
          "modelEncodingType": "TABULAR_CATEGORICAL",
          "valueRange": {
            "min": null,
            "max": null,
            "values": [
              "Balaka Rural",
              "Balaka Urban",
              "Blantyre City",
              "Blantyre Rural",
              "Chikwawa Rural",
              "Chikwawa Urban",
              "Chiradzulu Rural",
              "Chiradzulu Urban",
              "Chitipa Rural",
              "Chitipa Urban",
              "Dedza Rural",
              "Dedza Urban",
              "Dowa Rural",
              "Dowa Urban",
              "Karonga Rural",
              "Karonga Urban",
              "Kasungu Rural",
              "Kasungu Urban",
              "Likoma Rural",
              "Likoma Urban",
              "Lilongwe City",
              "Lilongwe Rural",
              "Machinga Rural",
              "Machinga Urban",
              "Mangochi Rural",
              "Mangochi Urban",
              "Mchinji Rural",
              "Mchinji Urban",
              "Mulanje Rural",
              "Mulanje Urban",
              "Mwanza Rural",
              "Mwanza Urban",
              "Mzimba Rural",
              "Mzuzu City",
              "Neno Rural",
              "Neno Urban",
              "Nkhata Bay Rural",
              "Nkhata Bay Urban",
              "Nkhotakota Rural",
              "Nkhotakota Urban",
              "Nsanje Rural",
              "Nsanje Urban",
              "Ntcheu Rural",
              "Ntcheu Urban",
              "Ntchisi Rural",
              "Ntchisi Urban",
              "Phalombe Rural",
              "Phalombe Urban",
              "Rumphi Rural",
              "Rumphi Urban",
              "Salima Rural",
              "Salima Urban",
              "Thyolo Rural",
              "Thyolo Urban",
              "Zomba  Rural",
              "Zomba City"
            ],
            "has_null": false
          }
        },
        {
          "id": "52c2ac8c-4183-4598-acb8-2be51bd07b3d",
          "name": "weight",
          "included": true,
          "modelEncodingType": "TABULAR_NUMERIC_BINNED",
          "valueRange": {
            "min": "0.012080392800271511",
            "max": "11.163359642028809",
            "values": null,
            "has_null": false
          }
        },
        {
          "id": "ea8634c4-395f-4643-9752-39a5e632db3d",
          "name": "d_cm",
          "included": true,
          "modelEncodingType": "TABULAR_NUMERIC_DISCRETE",
          "valueRange": {
            "min": null,
            "max": null,
            "values": [
              "0.0",
              "1.0"
            ],
            "has_null": true
          }
        },
        {
          "id": "50c3b834-a947-4286-9ae2-a2ae3c27506b",
          "name": "d_nutr",
          "included": true,
          "modelEncodingType": "TABULAR_NUMERIC_DISCRETE",
          "valueRange": {
            "min": null,
            "max": null,
            "values": [
              "0.0",
              "1.0"
            ],
            "has_null": true
          }
        },
        {
          "id": "199934a2-45d3-4e2d-9b2b-f9597da39500",
          "name": "d_satt",
          "included": true,
          "modelEncodingType": "TABULAR_NUMERIC_DISCRETE",
          "valueRange": {
            "min": null,
            "max": null,
            "values": [
              "0.0",
              "1.0"
            ],
            "has_null": true
          }
        },
        {
          "id": "1b9c688f-9f84-4d9a-9887-3425f5e9c013",
          "name": "d_educ",
          "included": true,
          "modelEncodingType": "TABULAR_NUMERIC_DISCRETE",
          "valueRange": {
            "min": null,
            "max": null,
            "values": [
              "0.0",
              "1.0"
            ],
            "has_null": true
          }
        },
        {
          "id": "1ac9f519-2d32-49d0-ac01-148b03f9f0b1",
          "name": "d_elct",
          "included": true,
          "modelEncodingType": "TABULAR_NUMERIC_DISCRETE",
          "valueRange": {
            "min": null,
            "max": null,
            "values": [
              "0.0",
              "1.0"
            ],
            "has_null": true
          }
        },
        {
          "id": "c7a8a3ea-f53c-4e28-96c3-e86c1d1a2988",
          "name": "d_wtr",
          "included": true,
          "modelEncodingType": "TABULAR_NUMERIC_DISCRETE",
          "valueRange": {
            "min": null,
            "max": null,
            "values": [
              "0.0",
              "1.0"
            ],
            "has_null": true
          }
        },
        {
          "id": "73ce6e4c-2ed6-4ab2-b6ec-1e7c0a746391",
          "name": "d_sani",
          "included": true,
          "modelEncodingType": "TABULAR_NUMERIC_DISCRETE",
          "valueRange": {
            "min": null,
            "max": null,
            "values": [
              "0.0",
              "1.0"
            ],
            "has_null": true
          }
        },
        {
          "id": "fb96fd5e-873a-4127-9de0-e4fe3f1b01ef",
          "name": "d_hsg",
          "included": true,
          "modelEncodingType": "TABULAR_NUMERIC_DISCRETE",
          "valueRange": {
            "min": null,
            "max": null,
            "values": [
              "0",
              "1"
            ],
            "has_null": false
          }
        },
        {
          "id": "9208fe72-79db-4aa8-b93b-599732245578",
          "name": "d_ckfl",
          "included": true,
          "modelEncodingType": "TABULAR_NUMERIC_DISCRETE",
          "valueRange": {
            "min": null,
            "max": null,
            "values": [
              "0.0",
              "1.0"
            ],
            "has_null": true
          }
        },
        {
          "id": "e7ba9e20-8294-49a5-9d3c-5d6c2a060c0c",
          "name": "d_asst",
          "included": true,
          "modelEncodingType": "TABULAR_NUMERIC_DISCRETE",
          "valueRange": {
            "min": null,
            "max": null,
            "values": [
              "0",
              "1"
            ],
            "has_null": false
          }
        },
        {
          "id": "dfd87bc2-fbd3-48de-87d1-823e46431852",
          "name": "sex",
          "included": true,
          "modelEncodingType": "TABULAR_CATEGORICAL",
          "valueRange": {
            "min": null,
            "max": null,
            "values": [
              "Female",
              "Male"
            ],
            "has_null": false
          }
        },
        {
          "id": "3a3b2712-f87a-4c51-9ad9-b897002d381b",
          "name": "agec7",
          "included": true,
          "modelEncodingType": "TABULAR_CATEGORICAL",
          "valueRange": {
            "min": null,
            "max": null,
            "values": [
              "0-4",
              "10-14",
              "15-17",
              "18-59",
              "5-9",
              "60+"
            ],
            "has_null": false
          }
        },
        {
          "id": "04c45a86-02ce-4478-8f40-0e1992c09901",
          "name": "hhsize",
          "included": true,
          "modelEncodingType": "TABULAR_NUMERIC_DISCRETE",
          "valueRange": {
            "min": null,
            "max": null,
            "values": [
              "1",
              "2",
              "3",
              "4",
              "5",
              "6",
              "7",
              "8",
              "9",
              "10",
              "11",
              "12",
              "13",
              "14",
              "15",
              "16",
              "17",
              "18"
            ],
            "has_null": false
          }
        },
        {
          "id": "090df887-7fd9-4714-b9c8-c03908f6e701",
          "name": "area",
          "included": true,
          "modelEncodingType": "TABULAR_CATEGORICAL",
          "valueRange": {
            "min": null,
            "max": null,
            "values": [
              "rural",
              "urban"
            ],
            "has_null": false
          }
        },
        {
          "id": "68648cd0-5f3c-4d1f-b2b7-7d59ace7a581",
          "name": "region",
          "included": true,
          "modelEncodingType": "TABULAR_CATEGORICAL",
          "valueRange": {
            "min": null,
            "max": null,
            "values": [
              "Balaka",
              "Blantyre",
              "Chikwawa",
              "Chiradzulu",
              "Chitipa",
              "Dedza",
              "Dowa",
              "Karonga",
              "Kasungu",
              "Likoma",
              "Lilongwe",
              "Machinga",
              "Mangochi",
              "Mchinji",
              "Mulange",
              "Mwanza",
              "Mzimba",
              "Neno",
              "Nkhata Bay",
              "Nkhotakota",
              "Nsanje",
              "Ntcheu",
              "Ntchisi",
              "Phalombe",
              "Rumphi",
              "Salima",
              "Thyolo",
              "Zomba"
            ],
            "has_null": false
          }
        },
        {
          "id": "5019e7cd-d9db-4e85-898e-3854cd4943df",
          "name": "eduyears",
          "included": true,
          "modelEncodingType": "TABULAR_NUMERIC_DISCRETE",
          "valueRange": {
            "min": null,
            "max": null,
            "values": [
              "0.0",
              "1.0",
              "2.0",
              "3.0",
              "4.0",
              "5.0",
              "6.0",
              "7.0",
              "8.0",
              "9.0",
              "10.0",
              "11.0",
              "12.0",
              "13.0",
              "14.0",
              "15.0",
              "16.0",
              "17.0",
              "18.0",
              "19.0",
              "20.0"
            ],
            "has_null": true
          }
        },
        {
          "id": "3fe667a3-fefa-4313-885b-8bf8a9bc8dfb",
          "name": "no_missing_edu",
          "included": true,
          "modelEncodingType": "TABULAR_NUMERIC_DISCRETE",
          "valueRange": {
            "min": null,
            "max": null,
            "values": [
              "0",
              "1"
            ],
            "has_null": false
          }
        },
        {
          "id": "5e1f1b5c-7464-423d-b91d-25a9c22713c9",
          "name": "attendance",
          "included": true,
          "modelEncodingType": "TABULAR_CATEGORICAL",
          "valueRange": {
            "min": null,
            "max": null,
            "values": [
              "currently attending",
              "not currently attending"
            ],
            "has_null": true
          }
        },
        {
          "id": "e04831b1-1dee-4158-b817-1c7a25c8657c",
          "name": "no_missing_atten",
          "included": true,
          "modelEncodingType": "TABULAR_NUMERIC_DISCRETE",
          "valueRange": {
            "min": null,
            "max": null,
            "values": [
              "0",
              "1"
            ],
            "has_null": false
          }
        },
        {
          "id": "58ee232a-ffa3-44d6-b1f4-1564e455bd7f",
          "name": "child_eligible",
          "included": true,
          "modelEncodingType": "TABULAR_NUMERIC_DISCRETE",
          "valueRange": {
            "min": null,
            "max": null,
            "values": [
              "0",
              "1"
            ],
            "has_null": false
          }
        },
        {
          "id": "2f7a435d-1cba-4c79-bba3-bd0526ff9d4c",
          "name": "underweight",
          "included": true,
          "modelEncodingType": "TABULAR_NUMERIC_DISCRETE",
          "valueRange": {
            "min": null,
            "max": null,
            "values": [
              "0.0",
              "1.0"
            ],
            "has_null": true
          }
        },
        {
          "id": "7e8a411c-c070-41bb-bea9-4ac0cc391c19",
          "name": "stunting",
          "included": true,
          "modelEncodingType": "TABULAR_NUMERIC_DISCRETE",
          "valueRange": {
            "min": null,
            "max": null,
            "values": [
              "0.0",
              "1.0"
            ],
            "has_null": true
          }
        },
        {
          "id": "b1ad9f0b-e8e5-4974-879a-a0523d9ba6ac",
          "name": "wasting",
          "included": true,
          "modelEncodingType": "TABULAR_NUMERIC_DISCRETE",
          "valueRange": {
            "min": null,
            "max": null,
            "values": [
              "0.0",
              "1.0"
            ],
            "has_null": true
          }
        },
        {
          "id": "711239fa-4264-4185-9286-586b289b9128",
          "name": "child_mortality",
          "included": true,
          "modelEncodingType": "TABULAR_NUMERIC_DISCRETE",
          "valueRange": {
            "min": null,
            "max": null,
            "values": [
              "0.0",
              "1.0",
              "2.0",
              "3.0",
              "4.0",
              "5.0",
              "6.0",
              "7.0",
              "8.0"
            ],
            "has_null": true
          }
        },
        {
          "id": "ae46edc2-daba-41ce-a632-183166b071a5",
          "name": "toilet",
          "included": true,
          "modelEncodingType": "TABULAR_CATEGORICAL",
          "valueRange": {
            "min": null,
            "max": null,
            "values": [
              "COMPOSTING TOILET",
              "FLUSH / POUR FLUSH: FLUSH TO DK WHERE",
              "FLUSH / POUR FLUSH: FLUSH TO OPEN DRAIN",
              "FLUSH / POUR FLUSH: FLUSH TO PIPED SEWER SYSTEM",
              "FLUSH / POUR FLUSH: FLUSH TO PIT LATRINE",
              "FLUSH / POUR FLUSH: FLUSH TO SEPTIC TANK",
              "HANGING TOILET / HANGING LATRINE",
              "NO FACILITY / BUSH / FIELD",
              "NO RESPONSE",
              "OTHER",
              "PIT LATRINE: PIT LATRINE WITH SLAB",
              "PIT LATRINE: PIT LATRINE WITHOUT SLAB / OPEN PIT",
              "PIT LATRINE: VENTILATED IMPROVED PIT LATRINE"
            ],
            "has_null": false
          }
        },
        {
          "id": "64389944-b4d4-47eb-9cc6-0a138c6c22d2",
          "name": "shared_toilet",
          "included": true,
          "modelEncodingType": "TABULAR_CATEGORICAL",
          "valueRange": {
            "min": null,
            "max": null,
            "values": [
              "0.0",
              "YES"
            ],
            "has_null": true
          }
        },
        {
          "id": "9812be47-e078-459a-8245-241562cf0fae",
          "name": "water",
          "included": true,
          "modelEncodingType": "TABULAR_CATEGORICAL",
          "valueRange": {
            "min": null,
            "max": null,
            "values": [
              "CART WITH SMALL TANK",
              "DUG WELL: PROTECTED WELL",
              "DUG WELL: UNPROTECTED WELL",
              "NO RESPONSE",
              "OTHER",
              "PACKAGED WATER: BOTTLED WATER",
              "PIPED WATER: PIPED INTO DWELLING",
              "PIPED WATER: PIPED TO NEIGHBOUR",
              "PIPED WATER: PIPED TO YARD / PLOT",
              "PIPED WATER: PUBLIC TAP / STANDPIPE",
              "RAINWATER",
              "SPRING: PROTECTED SPRING",
              "SPRING: UNPROTECTED SPRING",
              "SURFACE WATER (RIVER, DAM, LAKE, POND, STREAM, CANAL, IRRIGATION CHANNEL)",
              "TANKER-TRUCK",
              "TUBE WELL / BOREHOLE",
              "WATER KIOSK"
            ],
            "has_null": false
          }
        },
        {
          "id": "15a9a09b-f5df-46d9-9be6-1436e29d6ccf",
          "name": "floor",
          "included": true,
          "modelEncodingType": "TABULAR_CATEGORICAL",
          "valueRange": {
            "min": null,
            "max": null,
            "values": [
              "CARPET",
              "CEMENT",
              "CERAMIC TILES",
              "DUNG",
              "EARTH / SAND",
              "NO RESPONSE",
              "OTHER",
              "PALM / BAMBOO",
              "PARQUET OR POLISHED WOOD",
              "VINYL OR ASPHALT STRIPS",
              "WOOD PLANKS"
            ],
            "has_null": false
          }
        },
        {
          "id": "b1ccc471-e22b-4fbf-9969-93048c25d419",
          "name": "wall",
          "included": true,
          "modelEncodingType": "TABULAR_CATEGORICAL",
          "valueRange": {
            "min": null,
            "max": null,
            "values": [
              "BAMBOO WITH MUD",
              "BRICKS (BURNT)",
              "CANE / PALM / TRUNKS",
              "CARDBOARD",
              "CEMENT",
              "CEMENT BLOCKS",
              "COVERED ADOBE",
              "DIRT",
              "NO WALLS",
              "OTHER",
              "PLYWOOD",
              "REUSED WOOD",
              "STONE WITH LIME / CEMENT",
              "STONE WITH MUD",
              "UNCOVERED ADOBE (UNBURNT BRICKS)",
              "WOOD PLANKS / SHINGLES"
            ],
            "has_null": false
          }
        },
        {
          "id": "ea9c2f54-92f8-4ce7-8618-1850145f2197",
          "name": "roof",
          "included": true,
          "modelEncodingType": "TABULAR_CATEGORICAL",
          "valueRange": {
            "min": null,
            "max": null,
            "values": [
              "CALAMINE / CEMENT FIBRE",
              "CARDBOARD",
              "CEMENT",
              "CERAMIC TILES",
              "IRON SHEETS / METAL / TIN",
              "NO ROOF",
              "OTHER",
              "PALM / BAMBOO",
              "ROOFING SHINGLES",
              "RUSTIC MAT",
              "THATCH / PALM LEAF",
              "WOOD",
              "WOOD PLANKS"
            ],
            "has_null": false
          }
        },
        {
          "id": "274fb8eb-c218-4305-b67b-0a7be9c749d1",
          "name": "cookingfuel",
          "included": true,
          "modelEncodingType": "TABULAR_CATEGORICAL",
          "valueRange": {
            "min": null,
            "max": null,
            "values": [
              "ALCOHOL / ETHANOL",
              "ANIMAL DUNG / WASTE",
              "CHARCOAL",
              "COAL / LIGNITE",
              "CROP RESIDUE / GRASS / STRAW / SHRUBS",
              "GASOLINE / DIESEL",
              "KEROSENE / PARAFFIN",
              "NO RESPONSE",
              "OTHER",
              "PROCESSED BIOMASS (PELLETS) OR WOODCHIPS/BRIQUETTES",
              "WOOD"
            ],
            "has_null": true
          }
        },
        {
          "id": "7708d3d9-1b56-499e-b19e-910944484696",
          "name": "television",
          "included": true,
          "modelEncodingType": "TABULAR_CATEGORICAL",
          "valueRange": {
            "min": null,
            "max": null,
            "values": [
              "No",
              "Yes"
            ],
            "has_null": true
          }
        },
        {
          "id": "e408dea2-4cfe-4912-b7c2-cad36494d231",
          "name": "radio",
          "included": true,
          "modelEncodingType": "TABULAR_CATEGORICAL",
          "valueRange": {
            "min": null,
            "max": null,
            "values": [
              "No",
              "Yes"
            ],
            "has_null": true
          }
        },
        {
          "id": "2bdde7e3-08b4-459d-8c26-c6ec7a6ed7ad",
          "name": "telephone",
          "included": true,
          "modelEncodingType": "TABULAR_CATEGORICAL",
          "valueRange": {
            "min": null,
            "max": null,
            "values": [
              "No",
              "Yes"
            ],
            "has_null": true
          }
        },
        {
          "id": "f6bd38eb-f0fc-42a4-b643-a9a6d2aa0911",
          "name": "refrigerator",
          "included": true,
          "modelEncodingType": "TABULAR_CATEGORICAL",
          "valueRange": {
            "min": null,
            "max": null,
            "values": [
              "No",
              "Yes"
            ],
            "has_null": true
          }
        },
        {
          "id": "11a9a888-46c7-49f4-a19a-1ed64b875c73",
          "name": "car",
          "included": true,
          "modelEncodingType": "TABULAR_CATEGORICAL",
          "valueRange": {
            "min": null,
            "max": null,
            "values": [
              "No",
              "Yes"
            ],
            "has_null": true
          }
        },
        {
          "id": "4fb2d82a-6cf1-49b8-9118-41bea4889bc1",
          "name": "bicycle",
          "included": true,
          "modelEncodingType": "TABULAR_CATEGORICAL",
          "valueRange": {
            "min": null,
            "max": null,
            "values": [
              "No",
              "Yes"
            ],
            "has_null": true
          }
        },
        {
          "id": "87caa85d-2f0e-4557-a4bf-2a59fce906ec",
          "name": "motorbike",
          "included": true,
          "modelEncodingType": "TABULAR_CATEGORICAL",
          "valueRange": {
            "min": null,
            "max": null,
            "values": [
              "No",
              "Yes"
            ],
            "has_null": true
          }
        },
        {
          "id": "f01f5b6b-c3f6-48ce-afdb-d7233c765dfd",
          "name": "animal_cart",
          "included": true,
          "modelEncodingType": "TABULAR_CATEGORICAL",
          "valueRange": {
            "min": null,
            "max": null,
            "values": [
              "No",
              "Yes"
            ],
            "has_null": true
          }
        },
        {
          "id": "056e1270-7a99-4b2b-b745-4cfaeff860ab",
          "name": "computer",
          "included": true,
          "modelEncodingType": "TABULAR_CATEGORICAL",
          "valueRange": {
            "min": null,
            "max": null,
            "values": [
              "No",
              "Yes"
            ],
            "has_null": true
          }
        }
      ],
      "foreignKeys": null,
      "tabularModelMetrics": {
        "accuracy": {
          "overall": 0.9745504,
          "univariate": 0.9864123,
          "bivariate": 0.9745634,
          "trivariate": 0.9626756,
          "coherence": null,
          "overallMax": 0.9953056,
          "univariateMax": 0.9979102,
          "bivariateMax": 0.9956032,
          "trivariateMax": 0.9924036,
          "coherenceMax": null
        },
        "distances": {
          "imsTraining": 0.0,
          "imsHoldout": 0.0,
          "imsTrnHol": 0.008,
          "dcrTraining": 0.222,
          "dcrHoldout": 0.223,
          "dcrTrnHol": 0.182,
          "dcrShare": 0.51,
          "nndrTraining": 0.062235422249,
          "nndrHoldout": 0.04850902202,
          "nndrTrnHol": 3.0727e-8
        },
        "similarity": {
          "cosineSimilarityTrainingSynthetic": 0.9996489,
          "cosineSimilarityTrainingHoldout": 0.9999168,
          "discriminatorAUCTrainingSynthetic": 0.61,
          "discriminatorAUCTrainingHoldout": 0.498
        }
      },
      "languageModelMetrics": null,
      "tabularModelConfiguration": {
        "model": "MOSTLY_AI/Large",
        "maxSampleSize": null,
        "batchSize": null,
        "gradientAccumulationSteps": null,
        "maxTrainingTime": 14400.0,
        "maxEpochs": 100.0,
        "maxSequenceWindow": 100,
        "enableFlexibleGeneration": true,
        "valueProtection": false,
        "rareCategoryReplacementMethod": "CONSTANT",
        "differentialPrivacy": null,
        "compute": null,
        "enableModelReport": true
      },
      "languageModelConfiguration": null,
      "totalRows": 111276
    }
  ],
  "randomState": null
}