{
  "id": "bdf2b902-8426-4223-9369-79c736269cc9",
  "name": "Application 5",
  "description": null,
  "trainingStatus": "DONE",
  "trainingTime": null,
  "usage": null,
  "metadata": null,
  "accuracy": 0.9825261,
  "tables": [
    {
      "id": "7e5fbc3c-adf7-4f86-a15b-de6b05bb72bc",
      "sourceConnectorId": "ef93f003-480f-4d63-8422-211986f02a34",
      "location": "/home/igirela/mostlyai/connectors/ef93f003-480f-4d63-8422-211986f02a34/data.parquet",
      "name": "household_survey",
      "primaryKey": "ind_id",
      "columns": [
        {
          "id": "02cc8f91-fdad-4ec5-a026-94b1d5f8ce2d",
          "name": "hh_id",
          "included": true,
          "modelEncodingType": "TABULAR_NUMERIC_BINNED",
          "valueRange": {
            "min": "102.0",
            "max": "111224.0",
            "values": null,
            "has_null": false
          }
        },
        {
          "id": "22e0cb8d-80c1-43bc-bcf1-161dc34ac1a7",
          "name": "psu",
          "included": true,
          "modelEncodingType": "TABULAR_NUMERIC_BINNED",
          "valueRange": {
            "min": "1.0",
            "max": "1112.0",
            "values": null,
            "has_null": false
          }
        },
        {
          "id": "8057b6fe-011a-4391-b1f4-fea3bd2c6b8f",
          "name": "strata",
          "included": true,
          "modelEncodingType": "TABULAR_CATEGORICAL",
          "valueRange": {
            "min": null,
            "max": null,
            "values": [
              "Balaka Rural",
              "Balaka Urban",
              "Blantyre City",
              "Blantyre Rural",
              "Chikwawa Rural",
              "Chikwawa Urban",
              "Chiradzulu Rural",
              "Chiradzulu Urban",
              "Chitipa Rural",
              "Chitipa Urban",
              "Dedza Rural",
              "Dedza Urban",
              "Dowa Rural",
              "Dowa Urban",
              "Karonga Rural",
              "Karonga Urban",
              "Kasungu Rural",
              "Kasungu Urban",
              "Likoma Rural",
              "Likoma Urban",
              "Lilongwe City",
              "Lilongwe Rural",
              "Machinga Rural",
              "Machinga Urban",
              "Mangochi Rural",
              "Mangochi Urban",
              "Mchinji Rural",
              "Mchinji Urban",
              "Mulanje Rural",
              "Mulanje Urban",
              "Mwanza Rural",
              "Mwanza Urban",
              "Mzimba Rural",
              "Mzuzu City",
              "Neno Rural",
              "Neno Urban",
              "Nkhata Bay Rural",
              "Nkhata Bay Urban",
              "Nkhotakota Rural",
              "Nkhotakota Urban",
              "Nsanje Rural",
              "Nsanje Urban",
              "Ntcheu Rural",
              "Ntcheu Urban",
              "Ntchisi Rural",
              "Ntchisi Urban",
              "Phalombe Rural",
              "Phalombe Urban",
              "Rumphi Rural",
              "Rumphi Urban",
              "Salima Rural",
              "Salima Urban",
              "Thyolo Rural",
              "Thyolo Urban",
              "Zomba  Rural",
              "Zomba City"
            ],
            "has_null": false
          }
        },
        {
          "id": "aba3da4c-f96d-4ba3-ad9b-9fb549948caa",
          "name": "weight",
          "included": true,
          "modelEncodingType": "TABULAR_NUMERIC_BINNED",
          "valueRange": {
            "min": "0.012080392800271511",
            "max": "11.163359642028809",
            "values": null,
            "has_null": false
          }
        },
        {
          "id": "9b3feaa3-e5e6-467a-8b0a-5b41b94eb1b4",
          "name": "d_cm",
          "included": true,
          "modelEncodingType": "TABULAR_NUMERIC_DISCRETE",
          "valueRange": {
            "min": null,
            "max": null,
            "values": [
              "0.0",
              "1.0"
            ],
            "has_null": false
          }
        },
        {
          "id": "27f1ed02-7770-43ff-bc40-2f28d26ab823",
          "name": "d_nutr",
          "included": true,
          "modelEncodingType": "TABULAR_NUMERIC_DISCRETE",
          "valueRange": {
            "min": null,
            "max": null,
            "values": [
              "0.0",
              "1.0"
            ],
            "has_null": false
          }
        },
        {
          "id": "d1b2578e-d545-4e52-970c-3965c698d9fc",
          "name": "d_satt",
          "included": true,
          "modelEncodingType": "TABULAR_NUMERIC_DISCRETE",
          "valueRange": {
            "min": null,
            "max": null,
            "values": [
              "0.0",
              "1.0"
            ],
            "has_null": false
          }
        },
        {
          "id": "19a97c40-4db8-4d32-92ab-eb842b84d97f",
          "name": "d_educ",
          "included": true,
          "modelEncodingType": "TABULAR_NUMERIC_DISCRETE",
          "valueRange": {
            "min": null,
            "max": null,
            "values": [
              "0.0",
              "1.0"
            ],
            "has_null": false
          }
        },
        {
          "id": "231b604c-b609-4f3e-a991-bd77c7045568",
          "name": "d_elct",
          "included": true,
          "modelEncodingType": "TABULAR_NUMERIC_DISCRETE",
          "valueRange": {
            "min": null,
            "max": null,
            "values": [
              "0.0",
              "1.0"
            ],
            "has_null": false
          }
        },
        {
          "id": "4f7c663b-c0e0-4fc8-bc7e-6917107c9e7f",
          "name": "d_sani",
          "included": true,
          "modelEncodingType": "TABULAR_NUMERIC_DISCRETE",
          "valueRange": {
            "min": null,
            "max": null,
            "values": [
              "0.0",
              "1.0"
            ],
            "has_null": false
          }
        },
        {
          "id": "ad776a93-e8bc-4fb0-98d4-ba749b48a4f0",
          "name": "d_wtr",
          "included": true,
          "modelEncodingType": "TABULAR_NUMERIC_DISCRETE",
          "valueRange": {
            "min": null,
            "max": null,
            "values": [
              "0.0",
              "1.0"
            ],
            "has_null": false
          }
        },
        {
          "id": "df6bac75-fe72-4b5f-80e6-7792da74eecb",
          "name": "d_hsg",
          "included": true,
          "modelEncodingType": "TABULAR_NUMERIC_DISCRETE",
          "valueRange": {
            "min": null,
            "max": null,
            "values": [
              "0",
              "1"
            ],
            "has_null": false
          }
        },
        {
          "id": "3e08a5e4-f0ae-4e54-8f78-b2ed8a58d220",
          "name": "d_ckfl",
          "included": true,
          "modelEncodingType": "TABULAR_NUMERIC_DISCRETE",
          "valueRange": {
            "min": null,
            "max": null,
            "values": [
              "0.0",
              "1.0"
            ],
            "has_null": false
          }
        },
        {
          "id": "5643f85d-f25b-44f0-9420-542d75aaea00",
          "name": "d_asst",
          "included": true,
          "modelEncodingType": "TABULAR_NUMERIC_DISCRETE",
          "valueRange": {
            "min": null,
            "max": null,
            "values": [
              "0",
              "1"
            ],
            "has_null": false
          }
        },
        {
          "id": "470aa3c3-7330-4908-80c9-eef9d10cc7b8",
          "name": "sex",
          "included": true,
          "modelEncodingType": "TABULAR_CATEGORICAL",
          "valueRange": {
            "min": null,
            "max": null,
            "values": [
              "Female",
              "Male"
            ],
            "has_null": false
          }
        },
        {
          "id": "b6f01716-cda1-462d-9821-da15562ee89e",
          "name": "agec7",
          "included": true,
          "modelEncodingType": "TABULAR_CATEGORICAL",
          "valueRange": {
            "min": null,
            "max": null,
            "values": [
              "0-4",
              "10-14",
              "15-17",
              "18-59",
              "5-9",
              "60+"
            ],
            "has_null": false
          }
        },
        {
          "id": "4debe935-cb87-4cfe-b3a4-df1e0efd7bc9",
          "name": "hhsize",
          "included": true,
          "modelEncodingType": "TABULAR_NUMERIC_DISCRETE",
          "valueRange": {
            "min": null,
            "max": null,
            "values": [
              "1",
              "2",
              "3",
              "4",
              "5",
              "6",
              "7",
              "8",
              "9",
              "10",
              "11",
              "12",
              "13",
              "14",
              "15",
              "16",
              "17",
              "18"
            ],
            "has_null": false
          }
        },
        {
          "id": "1b64f2fb-7352-4753-8892-1d9cbca03544",
          "name": "region",
          "included": true,
          "modelEncodingType": "TABULAR_CATEGORICAL",
          "valueRange": {
            "min": null,
            "max": null,
            "values": [
              "Balaka",
              "Blantyre",
              "Chikwawa",
              "Chiradzulu",
              "Chitipa",
              "Dedza",
              "Dowa",
              "Karonga",
              "Kasungu",
              "Likoma",
              "Lilongwe",
              "Machinga",
              "Mangochi",
              "Mchinji",
              "Mulange",
              "Mwanza",
              "Mzimba",
              "Neno",
              "Nkhata Bay",
              "Nkhotakota",
              "Nsanje",
              "Ntcheu",
              "Ntchisi",
              "Phalombe",
              "Rumphi",
              "Salima",
              "Thyolo",
              "Zomba"
            ],
            "has_null": false
          }
        },
        {
          "id": "42baaf47-47ba-43e7-b658-338ded697fc6",
          "name": "area",
          "included": true,
          "modelEncodingType": "TABULAR_CATEGORICAL",
          "valueRange": {
            "min": null,
            "max": null,
            "values": [
              "rural",
              "urban"
            ],
            "has_null": false
          }
        }
      ],
      "foreignKeys": null,
      "tabularModelMetrics": {
        "accuracy": {
          "overall": 0.9825261,
          "univariate": 0.99168,
          "bivariate": 0.9829657,
          "trivariate": 0.9729327,
          "coherence": null,
          "overallMax": 0.9940838,
          "univariateMax": 0.9974426,
          "bivariateMax": 0.9945311,
          "trivariateMax": 0.9902777,
          "coherenceMax": null
        },
        "distances": {
          "imsTraining": 0.001,
          "imsHoldout": 0.001,
          "imsTrnHol": 0.051,
          "dcrTraining": 0.022,
          "dcrHoldout": 0.023,
          "dcrTrnHol": 0.021,
          "dcrShare": 0.506,
          "nndrTraining": 0.000193285846,
          "nndrHoldout": 0.0001558581,
          "nndrTrnHol": 8.7251e-8
        },
        "similarity": {
          "cosineSimilarityTrainingSynthetic": 0.9993435,
          "cosineSimilarityTrainingHoldout": 0.9998406,
          "discriminatorAUCTrainingSynthetic": 0.554,
          "discriminatorAUCTrainingHoldout": 0.504
        }
      },
      "languageModelMetrics": null,
      "tabularModelConfiguration": {
        "model": "MOSTLY_AI/Large",
        "maxSampleSize": null,
        "batchSize": null,
        "gradientAccumulationSteps": null,
        "maxTrainingTime": 14400.0,
        "maxEpochs": 100.0,
        "maxSequenceWindow": 100,
        "enableFlexibleGeneration": true,
        "valueProtection": false,
        "rareCategoryReplacementMethod": "CONSTANT",
        "differentialPrivacy": null,
        "compute": null,
        "enableModelReport": true
      },
      "languageModelConfiguration": null,
      "totalRows": 107695
    }
  ],
  "randomState": null
}