{"rows_original": 25419, "rows_training": 20360, "rows_holdout": 5059, "rows_synthetic": 25419, "tgt_columns": 24, "ctx_columns": 0, "trn_tgt_columns": ["psu", "strata", "weight", "d_cm", "d_nutr", "d_satt", "d_educ", "d_elct", "d_sani", "d_wtr", "d_hsg", "d_ckfl", "d_asst", "sex_Male", "sex_Female", "agec7_0-4", "agec7_5-9", "agec7_10-14", "agec7_15-17", "agec7_18-59", "agec7_60+", "hhsize", "region", "area"], "trn_ctx_columns": null, "report_title": "Model Report", "report_subtitle": " for household_survey:tabular", "report_credits": ""}