[{"hh_id":"mostly2e-41aa-40ef-b7cc-e4236c2aa6d3","psu":1083,"strata":"Blantyre City","weight":1.79740685,"d_cm":0,"d_nutr":1,"d_satt":0,"d_educ":1,"d_elct":1,"d_sani":0,"d_wtr":1,"d_hsg":1,"d_ckfl":1,"d_asst":1,"sex_Male":1,"sex_Female":2,"agec7_0-4":2,"agec7_5-9":0,"agec7_10-14":0,"agec7_15-17":0,"agec7_18-59":2,"agec7_60+":0,"hhsize":3,"region":"Blantyre","area":"urban"},{"hh_id":"mostly76-35ac-4b92-b07a-c14b70272d56","psu":618,"strata":"Mangochi Rural","weight":1.31913819,"d_cm":0,"d_nutr":0,"d_satt":0,"d_educ":1,"d_elct":0,"d_sani":0,"d_wtr":0,"d_hsg":1,"d_ckfl":1,"d_asst":0,"sex_Male":5,"sex_Female":5,"agec7_0-4":0,"agec7_5-9":1,"agec7_10-14":1,"agec7_15-17":1,"agec7_18-59":3,"agec7_60+":0,"hhsize":10,"region":"Mangochi","area":"rural"},{"hh_id":"mostly63-901b-48c2-852e-dbe8dfc1fb88","psu":481,"strata":"Mchinji Urban","weight":0.28353753,"d_cm":0,"d_nutr":1,"d_satt":0,"d_educ":1,"d_elct":1,"d_sani":1,"d_wtr":0,"d_hsg":0,"d_ckfl":1,"d_asst":1,"sex_Male":1,"sex_Female":2,"agec7_0-4":1,"agec7_5-9":0,"agec7_10-14":0,"agec7_15-17":0,"agec7_18-59":2,"agec7_60+":0,"hhsize":3,"region":"Mchinji","area":"urban"},{"hh_id":"mostly27-9c9d-4500-b832-474f61071649","psu":685,"strata":"Zomba  Rural","weight":1.72560332,"d_cm":0,"d_nutr":1,"d_satt":0,"d_educ":1,"d_elct":1,"d_sani":1,"d_wtr":1,"d_hsg":1,"d_ckfl":1,"d_asst":0,"sex_Male":1,"sex_Female":3,"agec7_0-4":1,"agec7_5-9":0,"agec7_10-14":1,"agec7_15-17":1,"agec7_18-59":1,"agec7_60+":0,"hhsize":4,"region":"Zomba","area":"rural"},{"hh_id":"mostly34-c58f-463d-b1b2-fa2baf563c2a","psu":880,"strata":"Phalombe Rural","weight":0.57311496,"d_cm":0,"d_nutr":0,"d_satt":0,"d_educ":0,"d_elct":1,"d_sani":1,"d_wtr":0,"d_hsg":1,"d_ckfl":1,"d_asst":1,"sex_Male":1,"sex_Female":2,"agec7_0-4":0,"agec7_5-9":0,"agec7_10-14":1,"agec7_15-17":0,"agec7_18-59":1,"agec7_60+":0,"hhsize":3,"region":"Phalombe","area":"rural"},{"hh_id":"mostlydd-b8fc-4120-9c0b-1fea61701c34","psu":843,"strata":"Mulanje Rural","weight":0.71060467,"d_cm":0,"d_nutr":0,"d_satt":0,"d_educ":0,"d_elct":1,"d_sani":0,"d_wtr":0,"d_hsg":1,"d_ckfl":1,"d_asst":1,"sex_Male":1,"sex_Female":2,"agec7_0-4":0,"agec7_5-9":2,"agec7_10-14":1,"agec7_15-17":0,"agec7_18-59":1,"agec7_60+":0,"hhsize":3,"region":"Mulange","area":"rural"},{"hh_id":"mostly24-7bba-4ea2-aa66-1d2736f870e4","psu":498,"strata":"Dedza Rural","weight":1.78652762,"d_cm":0,"d_nutr":1,"d_satt":0,"d_educ":1,"d_elct":1,"d_sani":0,"d_wtr":0,"d_hsg":1,"d_ckfl":1,"d_asst":0,"sex_Male":2,"sex_Female":4,"agec7_0-4":1,"agec7_5-9":0,"agec7_10-14":0,"agec7_15-17":2,"agec7_18-59":1,"agec7_60+":0,"hhsize":6,"region":"Dedza","area":"rural"},{"hh_id":"mostlya4-ef6d-47f0-8c96-28d7a6dea9e9","psu":179,"strata":"Mzimba Rural","weight":2.33536226,"d_cm":0,"d_nutr":1,"d_satt":0,"d_educ":0,"d_elct":1,"d_sani":1,"d_wtr":0,"d_hsg":1,"d_ckfl":1,"d_asst":1,"sex_Male":5,"sex_Female":1,"agec7_0-4":1,"agec7_5-9":3,"agec7_10-14":0,"agec7_15-17":1,"agec7_18-59":4,"agec7_60+":0,"hhsize":6,"region":"Mzimba","area":"rural"},{"hh_id":"mostly5c-e60d-471c-ab49-1f1ef01d553d","psu":834,"strata":"Thyolo Rural","weight":1.49527424,"d_cm":0,"d_nutr":0,"d_satt":0,"d_educ":0,"d_elct":1,"d_sani":0,"d_wtr":1,"d_hsg":1,"d_ckfl":1,"d_asst":1,"sex_Male":0,"sex_Female":5,"agec7_0-4":1,"agec7_5-9":1,"agec7_10-14":0,"agec7_15-17":0,"agec7_18-59":0,"agec7_60+":1,"hhsize":5,"region":"Thyolo","area":"rural"},{"hh_id":"mostlya8-7160-4df7-82a8-ab63a445a162","psu":910,"strata":"Phalombe Rural","weight":0.58170753,"d_cm":0,"d_nutr":0,"d_satt":0,"d_educ":1,"d_elct":1,"d_sani":0,"d_wtr":1,"d_hsg":1,"d_ckfl":1,"d_asst":1,"sex_Male":1,"sex_Female":2,"agec7_0-4":0,"agec7_5-9":1,"agec7_10-14":0,"agec7_15-17":0,"agec7_18-59":2,"agec7_60+":0,"hhsize":3,"region":"Phalombe","area":"rural"},{"hh_id":"mostlye6-5bce-451c-9607-991b5416ed9c","psu":915,"strata":"Chikwawa Rural","weight":0.57032621,"d_cm":0,"d_nutr":0,"d_satt":0,"d_educ":0,"d_elct":1,"d_sani":0,"d_wtr":1,"d_hsg":1,"d_ckfl":1,"d_asst":1,"sex_Male":4,"sex_Female":2,"agec7_0-4":0,"agec7_5-9":2,"agec7_10-14":1,"agec7_15-17":1,"agec7_18-59":3,"agec7_60+":0,"hhsize":6,"region":"Chikwawa","area":"rural"},{"hh_id":"mostly1c-e923-45a9-ad25-32675798c33f","psu":447,"strata":"Lilongwe Rural","weight":3.26148308,"d_cm":0,"d_nutr":0,"d_satt":0,"d_educ":1,"d_elct":1,"d_sani":1,"d_wtr":0,"d_hsg":0,"d_ckfl":1,"d_asst":1,"sex_Male":0,"sex_Female":5,"agec7_0-4":0,"agec7_5-9":1,"agec7_10-14":0,"agec7_15-17":1,"agec7_18-59":1,"agec7_60+":0,"hhsize":5,"region":"Lilongwe","area":"rural"},{"hh_id":"mostlycf-7710-4b36-9e70-80eab9c5e498","psu":421,"strata":"Lilongwe Rural","weight":11.163359642,"d_cm":0,"d_nutr":0,"d_satt":0,"d_educ":0,"d_elct":1,"d_sani":1,"d_wtr":1,"d_hsg":1,"d_ckfl":1,"d_asst":1,"sex_Male":0,"sex_Female":2,"agec7_0-4":0,"agec7_5-9":0,"agec7_10-14":1,"agec7_15-17":0,"agec7_18-59":1,"agec7_60+":0,"hhsize":2,"region":"Lilongwe","area":"rural"},{"hh_id":"mostly4c-4a6c-4a9f-8b25-1dbab69c7ec2","psu":803,"strata":"Thyolo Rural","weight":1.40014519,"d_cm":0,"d_nutr":0,"d_satt":0,"d_educ":0,"d_elct":1,"d_sani":1,"d_wtr":1,"d_hsg":1,"d_ckfl":1,"d_asst":1,"sex_Male":0,"sex_Female":2,"agec7_0-4":0,"agec7_5-9":0,"agec7_10-14":0,"agec7_15-17":1,"agec7_18-59":1,"agec7_60+":0,"hhsize":2,"region":"Thyolo","area":"rural"},{"hh_id":"mostly9a-a173-42d9-930f-5751f47aca89","psu":353,"strata":"Dowa Rural","weight":1.28526476,"d_cm":0,"d_nutr":0,"d_satt":0,"d_educ":0,"d_elct":0,"d_sani":0,"d_wtr":0,"d_hsg":1,"d_ckfl":1,"d_asst":0,"sex_Male":3,"sex_Female":2,"agec7_0-4":1,"agec7_5-9":1,"agec7_10-14":0,"agec7_15-17":0,"agec7_18-59":2,"agec7_60+":0,"hhsize":5,"region":"Dowa","area":"rural"},{"hh_id":"mostly55-c850-4911-93bf-134ca9196c09","psu":677,"strata":"Zomba  Rural","weight":0.88707139,"d_cm":0,"d_nutr":0,"d_satt":0,"d_educ":0,"d_elct":1,"d_sani":1,"d_wtr":1,"d_hsg":0,"d_ckfl":1,"d_asst":0,"sex_Male":2,"sex_Female":2,"agec7_0-4":0,"agec7_5-9":1,"agec7_10-14":0,"agec7_15-17":1,"agec7_18-59":3,"agec7_60+":0,"hhsize":4,"region":"Zomba","area":"rural"},{"hh_id":"mostlya1-487e-4c6d-8970-66b6880d2e21","psu":115,"strata":"Nkhata Bay Rural","weight":0.21393014,"d_cm":0,"d_nutr":0,"d_satt":0,"d_educ":0,"d_elct":1,"d_sani":0,"d_wtr":0,"d_hsg":1,"d_ckfl":1,"d_asst":1,"sex_Male":3,"sex_Female":2,"agec7_0-4":1,"agec7_5-9":1,"agec7_10-14":0,"agec7_15-17":0,"agec7_18-59":3,"agec7_60+":0,"hhsize":5,"region":"Nkhata Bay","area":"rural"},{"hh_id":"mostly56-f35d-458e-8c72-b6b50848bbae","psu":97,"strata":"Nkhata Bay Rural","weight":0.28718255,"d_cm":0,"d_nutr":0,"d_satt":0,"d_educ":1,"d_elct":1,"d_sani":1,"d_wtr":0,"d_hsg":0,"d_ckfl":1,"d_asst":1,"sex_Male":0,"sex_Female":5,"agec7_0-4":1,"agec7_5-9":1,"agec7_10-14":2,"agec7_15-17":1,"agec7_18-59":2,"agec7_60+":0,"hhsize":5,"region":"Nkhata Bay","area":"rural"},{"hh_id":"mostlyc6-14a7-4d17-9a81-227f67d54012","psu":665,"strata":"Zomba  Rural","weight":1.48893869,"d_cm":0,"d_nutr":1,"d_satt":0,"d_educ":1,"d_elct":0,"d_sani":1,"d_wtr":0,"d_hsg":1,"d_ckfl":1,"d_asst":1,"sex_Male":0,"sex_Female":3,"agec7_0-4":2,"agec7_5-9":1,"agec7_10-14":1,"agec7_15-17":0,"agec7_18-59":1,"agec7_60+":0,"hhsize":3,"region":"Zomba","area":"rural"},{"hh_id":"mostly42-d845-46ad-b3f0-ae0128fcd865","psu":147,"strata":"Rumphi Rural","weight":0.22748568,"d_cm":0,"d_nutr":1,"d_satt":0,"d_educ":0,"d_elct":1,"d_sani":1,"d_wtr":0,"d_hsg":1,"d_ckfl":1,"d_asst":1,"sex_Male":1,"sex_Female":2,"agec7_0-4":1,"agec7_5-9":0,"agec7_10-14":1,"agec7_15-17":0,"agec7_18-59":1,"agec7_60+":0,"hhsize":3,"region":"Rumphi","area":"rural"}]