{
    "columns": {
        "psu": {
            "encoding_type": "TABULAR_NUMERIC_BINNED",
            "cardinalities": {
                "bin": 103
            },
            "codes": {
                "<<UNK>>": 0,
                "<<MIN>>": 1,
                "<<MAX>>": 2
            },
            "min_decimal": 0,
            "bins": [
                1.0,
                11.0,
                21.0,
                32.0,
                44.0,
                55.0,
                67.0,
                77.0,
                88.0,
                99.0,
                109.0,
                120.0,
                131.0,
                144.0,
                155.0,
                165.0,
                176.0,
                188.0,
                195.0,
                203.0,
                214.0,
                225.0,
                236.0,
                248.0,
                258.0,
                271.0,
                282.0,
                294.0,
                305.0,
                316.0,
                328.0,
                338.0,
                349.0,
                359.0,
                371.0,
                381.0,
                391.0,
                403.0,
                415.0,
                426.0,
                437.0,
                448.0,
                458.0,
                469.0,
                478.0,
                488.0,
                499.0,
                509.0,
                519.0,
                530.0,
                541.0,
                552.0,
                563.0,
                575.0,
                586.0,
                597.0,
                608.0,
                619.0,
                631.0,
                643.0,
                653.0,
                664.0,
                676.0,
                689.0,
                701.0,
                712.0,
                724.0,
                735.0,
                747.0,
                758.0,
                770.0,
                781.0,
                793.0,
                803.0,
                814.0,
                825.0,
                837.0,
                849.0,
                860.0,
                872.0,
                882.0,
                893.0,
                904.0,
                916.0,
                927.0,
                938.0,
                951.0,
                963.0,
                975.0,
                987.0,
                999.0,
                1011.0,
                1023.0,
                1034.0,
                1045.0,
                1056.0,
                1067.0,
                1079.0,
                1090.0,
                1102.0,
                1112.0
            ],
            "argn_processor": "tgt",
            "argn_table": "t0",
            "argn_column": "c0"
        },
        "strata": {
            "value_protection": false,
            "encoding_type": "TABULAR_CATEGORICAL",
            "no_of_rare_categories": 0,
            "codes": {
                "_RARE_": 0,
                "Balaka Rural": 1,
                "Balaka Urban": 2,
                "Blantyre City": 3,
                "Blantyre Rural": 4,
                "Chikwawa Rural": 5,
                "Chikwawa Urban": 6,
                "Chiradzulu Rural": 7,
                "Chiradzulu Urban": 8,
                "Chitipa Rural": 9,
                "Chitipa Urban": 10,
                "Dedza Rural": 11,
                "Dedza Urban": 12,
                "Dowa Rural": 13,
                "Dowa Urban": 14,
                "Karonga Rural": 15,
                "Karonga Urban": 16,
                "Kasungu Rural": 17,
                "Kasungu Urban": 18,
                "Likoma Rural": 19,
                "Likoma Urban": 20,
                "Lilongwe City": 21,
                "Lilongwe Rural": 22,
                "Machinga Rural": 23,
                "Machinga Urban": 24,
                "Mangochi Rural": 25,
                "Mangochi Urban": 26,
                "Mchinji Rural": 27,
                "Mchinji Urban": 28,
                "Mulanje Rural": 29,
                "Mulanje Urban": 30,
                "Mwanza Rural": 31,
                "Mwanza Urban": 32,
                "Mzimba Rural": 33,
                "Mzuzu City": 34,
                "Neno Rural": 35,
                "Neno Urban": 36,
                "Nkhata Bay Rural": 37,
                "Nkhata Bay Urban": 38,
                "Nkhotakota Rural": 39,
                "Nkhotakota Urban": 40,
                "Nsanje Rural": 41,
                "Nsanje Urban": 42,
                "Ntcheu Rural": 43,
                "Ntcheu Urban": 44,
                "Ntchisi Rural": 45,
                "Ntchisi Urban": 46,
                "Phalombe Rural": 47,
                "Phalombe Urban": 48,
                "Rumphi Rural": 49,
                "Rumphi Urban": 50,
                "Salima Rural": 51,
                "Salima Urban": 52,
                "Thyolo Rural": 53,
                "Thyolo Urban": 54,
                "Zomba  Rural": 55,
                "Zomba City": 56
            },
            "cardinalities": {
                "cat": 57
            },
            "argn_processor": "tgt",
            "argn_table": "t1",
            "argn_column": "c1"
        },
        "weight": {
            "encoding_type": "TABULAR_NUMERIC_BINNED",
            "cardinalities": {
                "bin": 103
            },
            "codes": {
                "<<UNK>>": 0,
                "<<MIN>>": 1,
                "<<MAX>>": 2
            },
            "min_decimal": -8,
            "bins": [
                0.012080392800271511,
                0.024937760084867477,
                0.028307178989052773,
                0.08969327062368393,
                0.11886591464281082,
                0.1319805234670639,
                0.1422903686761856,
                0.15730158984661102,
                0.1826789826154709,
                0.19686123728752136,
                0.2151029109954834,
                0.2279326468706131,
                0.2341865748167038,
                0.24141009151935577,
                0.25861236453056335,
                0.27092745900154114,
                0.2760259211063385,
                0.28385230898857117,
                0.2953670918941498,
                0.3101328909397125,
                0.32293421030044556,
                0.3358241617679596,
                0.3529707193374634,
                0.36755913496017456,
                0.3835441470146179,
                0.39879241585731506,
                0.41679149866104126,
                0.42819201946258545,
                0.4433118402957916,
                0.46062347292900085,
                0.4731382429599762,
                0.4887770712375641,
                0.5052098631858826,
                0.5180779695510864,
                0.5286509990692139,
                0.5454087257385254,
                0.5536072850227356,
                0.5629339814186096,
                0.571128785610199,
                0.5771845579147339,
                0.5890794992446899,
                0.6112131476402283,
                0.6283353567123413,
                0.6386104822158813,
                0.658564031124115,
                0.6794464588165283,
                0.6982285380363464,
                0.7131069898605347,
                0.7263268828392029,
                0.7500890493392944,
                0.7662186622619629,
                0.7831735610961914,
                0.7945182919502258,
                0.8141587972640991,
                0.8350294828414917,
                0.8516551852226257,
                0.8752020001411438,
                0.8844673037528992,
                0.8963803052902222,
                0.9058046936988831,
                0.9145483374595642,
                0.9382033348083496,
                0.9589899778366089,
                0.980229377746582,
                0.9964337348937988,
                1.0132596492767334,
                1.0296331644058228,
                1.0442665815353394,
                1.0678822994232178,
                1.0965768098831177,
                1.1147801876068115,
                1.1423184871673584,
                1.1752352714538574,
                1.1860171556472778,
                1.2262483835220337,
                1.2602503299713135,
                1.2829104661941528,
                1.3209813833236694,
                1.3650463819503784,
                1.3994543552398682,
                1.45583176612854,
                1.4901379346847534,
                1.5412437915802002,
                1.572637915611267,
                1.5980737209320068,
                1.6422383785247803,
                1.6647608280181885,
                1.694563388824463,
                1.7704662084579468,
                1.8443622589111328,
                1.909613847732544,
                1.9929677248001099,
                2.09578275680542,
                2.2709221839904785,
                2.4517648220062256,
                2.755359172821045,
                3.1936278343200684,
                3.4378175735473633,
                4.159116744995117,
                5.210641384124756,
                11.163359642028809
            ],
            "argn_processor": "tgt",
            "argn_table": "t2",
            "argn_column": "c2"
        },
        "d_cm": {
            "encoding_type": "TABULAR_NUMERIC_DISCRETE",
            "cardinalities": {
                "cat": 4
            },
            "codes": {
                "_RARE_": 0,
                "<<NULL>>": 1,
                "0.0": 2,
                "1.0": 3
            },
            "min_decimal": 0,
            "argn_processor": "tgt",
            "argn_table": "t3",
            "argn_column": "c3"
        },
        "d_nutr": {
            "encoding_type": "TABULAR_NUMERIC_DISCRETE",
            "cardinalities": {
                "cat": 4
            },
            "codes": {
                "_RARE_": 0,
                "<<NULL>>": 1,
                "0.0": 2,
                "1.0": 3
            },
            "min_decimal": 0,
            "argn_processor": "tgt",
            "argn_table": "t4",
            "argn_column": "c4"
        },
        "d_satt": {
            "encoding_type": "TABULAR_NUMERIC_DISCRETE",
            "cardinalities": {
                "cat": 4
            },
            "codes": {
                "_RARE_": 0,
                "<<NULL>>": 1,
                "0.0": 2,
                "1.0": 3
            },
            "min_decimal": 0,
            "argn_processor": "tgt",
            "argn_table": "t5",
            "argn_column": "c5"
        },
        "d_educ": {
            "encoding_type": "TABULAR_NUMERIC_DISCRETE",
            "cardinalities": {
                "cat": 4
            },
            "codes": {
                "_RARE_": 0,
                "<<NULL>>": 1,
                "0.0": 2,
                "1.0": 3
            },
            "min_decimal": 0,
            "argn_processor": "tgt",
            "argn_table": "t6",
            "argn_column": "c6"
        },
        "d_elct": {
            "encoding_type": "TABULAR_NUMERIC_DISCRETE",
            "cardinalities": {
                "cat": 4
            },
            "codes": {
                "_RARE_": 0,
                "<<NULL>>": 1,
                "0.0": 2,
                "1.0": 3
            },
            "min_decimal": 0,
            "argn_processor": "tgt",
            "argn_table": "t7",
            "argn_column": "c7"
        },
        "d_sani": {
            "encoding_type": "TABULAR_NUMERIC_DISCRETE",
            "cardinalities": {
                "cat": 4
            },
            "codes": {
                "_RARE_": 0,
                "<<NULL>>": 1,
                "0.0": 2,
                "1.0": 3
            },
            "min_decimal": 0,
            "argn_processor": "tgt",
            "argn_table": "t8",
            "argn_column": "c8"
        },
        "d_wtr": {
            "encoding_type": "TABULAR_NUMERIC_DISCRETE",
            "cardinalities": {
                "cat": 4
            },
            "codes": {
                "_RARE_": 0,
                "<<NULL>>": 1,
                "0.0": 2,
                "1.0": 3
            },
            "min_decimal": 0,
            "argn_processor": "tgt",
            "argn_table": "t9",
            "argn_column": "c9"
        },
        "d_hsg": {
            "encoding_type": "TABULAR_NUMERIC_DISCRETE",
            "cardinalities": {
                "cat": 4
            },
            "codes": {
                "_RARE_": 0,
                "<<NULL>>": 1,
                "0.0": 2,
                "1.0": 3
            },
            "min_decimal": 0,
            "argn_processor": "tgt",
            "argn_table": "t10",
            "argn_column": "c10"
        },
        "d_ckfl": {
            "encoding_type": "TABULAR_NUMERIC_DISCRETE",
            "cardinalities": {
                "cat": 4
            },
            "codes": {
                "_RARE_": 0,
                "<<NULL>>": 1,
                "0.0": 2,
                "1.0": 3
            },
            "min_decimal": 0,
            "argn_processor": "tgt",
            "argn_table": "t11",
            "argn_column": "c11"
        },
        "d_asst": {
            "encoding_type": "TABULAR_NUMERIC_DISCRETE",
            "cardinalities": {
                "cat": 3
            },
            "codes": {
                "_RARE_": 0,
                "0": 1,
                "1": 2
            },
            "min_decimal": 0,
            "argn_processor": "tgt",
            "argn_table": "t12",
            "argn_column": "c12"
        },
        "sex_Male": {
            "encoding_type": "TABULAR_NUMERIC_DISCRETE",
            "cardinalities": {
                "cat": 14
            },
            "codes": {
                "_RARE_": 0,
                "0": 1,
                "1": 2,
                "2": 3,
                "3": 4,
                "4": 5,
                "5": 6,
                "6": 7,
                "7": 8,
                "8": 9,
                "9": 10,
                "10": 11,
                "11": 12,
                "12": 13
            },
            "min_decimal": 0,
            "argn_processor": "tgt",
            "argn_table": "t13",
            "argn_column": "c13"
        },
        "sex_Female": {
            "encoding_type": "TABULAR_NUMERIC_DISCRETE",
            "cardinalities": {
                "cat": 13
            },
            "codes": {
                "_RARE_": 0,
                "0": 1,
                "1": 2,
                "2": 3,
                "3": 4,
                "4": 5,
                "5": 6,
                "6": 7,
                "7": 8,
                "8": 9,
                "9": 10,
                "10": 11,
                "11": 12
            },
            "min_decimal": 0,
            "argn_processor": "tgt",
            "argn_table": "t14",
            "argn_column": "c14"
        },
        "agec7_0-4": {
            "encoding_type": "TABULAR_NUMERIC_DISCRETE",
            "cardinalities": {
                "cat": 7
            },
            "codes": {
                "_RARE_": 0,
                "0": 1,
                "1": 2,
                "2": 3,
                "3": 4,
                "4": 5,
                "5": 6
            },
            "min_decimal": 0,
            "argn_processor": "tgt",
            "argn_table": "t15",
            "argn_column": "c15"
        },
        "agec7_5-9": {
            "encoding_type": "TABULAR_NUMERIC_DISCRETE",
            "cardinalities": {
                "cat": 8
            },
            "codes": {
                "_RARE_": 0,
                "0": 1,
                "1": 2,
                "2": 3,
                "3": 4,
                "4": 5,
                "5": 6,
                "6": 7
            },
            "min_decimal": 0,
            "argn_processor": "tgt",
            "argn_table": "t16",
            "argn_column": "c16"
        },
        "agec7_10-14": {
            "encoding_type": "TABULAR_NUMERIC_DISCRETE",
            "cardinalities": {
                "cat": 9
            },
            "codes": {
                "_RARE_": 0,
                "0": 1,
                "1": 2,
                "2": 3,
                "3": 4,
                "4": 5,
                "5": 6,
                "6": 7,
                "7": 8
            },
            "min_decimal": 0,
            "argn_processor": "tgt",
            "argn_table": "t17",
            "argn_column": "c17"
        },
        "agec7_15-17": {
            "encoding_type": "TABULAR_NUMERIC_DISCRETE",
            "cardinalities": {
                "cat": 6
            },
            "codes": {
                "_RARE_": 0,
                "0": 1,
                "1": 2,
                "2": 3,
                "3": 4,
                "4": 5
            },
            "min_decimal": 0,
            "argn_processor": "tgt",
            "argn_table": "t18",
            "argn_column": "c18"
        },
        "agec7_18-59": {
            "encoding_type": "TABULAR_NUMERIC_DISCRETE",
            "cardinalities": {
                "cat": 10
            },
            "codes": {
                "_RARE_": 0,
                "0": 1,
                "1": 2,
                "2": 3,
                "3": 4,
                "4": 5,
                "5": 6,
                "6": 7,
                "7": 8,
                "8": 9
            },
            "min_decimal": 0,
            "argn_processor": "tgt",
            "argn_table": "t19",
            "argn_column": "c19"
        },
        "agec7_60+": {
            "encoding_type": "TABULAR_NUMERIC_DISCRETE",
            "cardinalities": {
                "cat": 6
            },
            "codes": {
                "_RARE_": 0,
                "0": 1,
                "1": 2,
                "2": 3,
                "3": 4,
                "4": 5
            },
            "min_decimal": 0,
            "argn_processor": "tgt",
            "argn_table": "t20",
            "argn_column": "c20"
        },
        "hhsize": {
            "encoding_type": "TABULAR_NUMERIC_DISCRETE",
            "cardinalities": {
                "cat": 19
            },
            "codes": {
                "_RARE_": 0,
                "1": 1,
                "2": 2,
                "3": 3,
                "4": 4,
                "5": 5,
                "6": 6,
                "7": 7,
                "8": 8,
                "9": 9,
                "10": 10,
                "11": 11,
                "12": 12,
                "13": 13,
                "14": 14,
                "15": 15,
                "16": 16,
                "17": 17,
                "18": 18
            },
            "min_decimal": 0,
            "argn_processor": "tgt",
            "argn_table": "t21",
            "argn_column": "c21"
        },
        "region": {
            "value_protection": false,
            "encoding_type": "TABULAR_CATEGORICAL",
            "no_of_rare_categories": 0,
            "codes": {
                "_RARE_": 0,
                "Balaka": 1,
                "Blantyre": 2,
                "Chikwawa": 3,
                "Chiradzulu": 4,
                "Chitipa": 5,
                "Dedza": 6,
                "Dowa": 7,
                "Karonga": 8,
                "Kasungu": 9,
                "Likoma": 10,
                "Lilongwe": 11,
                "Machinga": 12,
                "Mangochi": 13,
                "Mchinji": 14,
                "Mulange": 15,
                "Mwanza": 16,
                "Mzimba": 17,
                "Neno": 18,
                "Nkhata Bay": 19,
                "Nkhotakota": 20,
                "Nsanje": 21,
                "Ntcheu": 22,
                "Ntchisi": 23,
                "Phalombe": 24,
                "Rumphi": 25,
                "Salima": 26,
                "Thyolo": 27,
                "Zomba": 28
            },
            "cardinalities": {
                "cat": 29
            },
            "argn_processor": "tgt",
            "argn_table": "t22",
            "argn_column": "c22"
        },
        "area": {
            "value_protection": false,
            "encoding_type": "TABULAR_CATEGORICAL",
            "no_of_rare_categories": 0,
            "codes": {
                "_RARE_": 0,
                "rural": 1,
                "urban": 2
            },
            "cardinalities": {
                "cat": 3
            },
            "argn_processor": "tgt",
            "argn_table": "t23",
            "argn_column": "c23"
        }
    },
    "no_of_training_records": 20360,
    "no_of_validation_records": 5059,
    "seq_len": {
        "min": 1,
        "max": 1,
        "median": 1,
        "value_protection": false
    },
    "is_sequential": false,
    "keys": {
        "primary_key": "hh_id"
    },
    "value_protection_epsilon_spent": null
}