{
    "model_id": "MOSTLY_AI/Large",
    "model_units": {
        "embedder@tgt:t0/c0__bin": 20,
        "embedder@tgt:t1/c1__bin": 20,
        "embedder@tgt:t2/c2__cat": 16,
        "embedder@tgt:t3/c3__bin": 20,
        "embedder@tgt:t4/c4__cat": 4,
        "embedder@tgt:t5/c5__cat": 4,
        "embedder@tgt:t6/c6__cat": 4,
        "embedder@tgt:t7/c7__cat": 4,
        "embedder@tgt:t8/c8__cat": 4,
        "embedder@tgt:t9/c9__cat": 4,
        "embedder@tgt:t10/c10__cat": 4,
        "embedder@tgt:t11/c11__cat": 3,
        "embedder@tgt:t12/c12__cat": 4,
        "embedder@tgt:t13/c13__cat": 3,
        "embedder@tgt:t14/c14__cat": 3,
        "embedder@tgt:t15/c15__cat": 7,
        "embedder@tgt:t16/c16__cat": 12,
        "embedder@tgt:t17/c17__cat": 3,
        "embedder@tgt:t18/c18__cat": 16,
        "embedder@tgt:t19/c19__cat": 12,
        "embedder@tgt:t20/c20__cat": 3,
        "embedder@tgt:t21/c21__cat": 4,
        "embedder@tgt:t22/c22__cat": 3,
        "embedder@tgt:t23/c23__cat": 3,
        "embedder@tgt:t24/c24__cat": 4,
        "embedder@tgt:t25/c25__cat": 4,
        "embedder@tgt:t26/c26__cat": 4,
        "embedder@tgt:t27/c27__cat": 11,
        "embedder@tgt:t28/c28__cat": 12,
        "embedder@tgt:t29/c29__cat": 4,
        "embedder@tgt:t30/c30__cat": 12,
        "embedder@tgt:t31/c31__cat": 12,
        "embedder@tgt:t32/c32__cat": 12,
        "embedder@tgt:t33/c33__cat": 12,
        "embedder@tgt:t34/c34__cat": 12,
        "embedder@tgt:t35/c35__cat": 4,
        "embedder@tgt:t36/c36__cat": 4,
        "embedder@tgt:t37/c37__cat": 4,
        "embedder@tgt:t38/c38__cat": 4,
        "embedder@tgt:t39/c39__cat": 4,
        "embedder@tgt:t40/c40__cat": 4,
        "embedder@tgt:t41/c41__cat": 4,
        "embedder@tgt:t42/c42__cat": 4,
        "embedder@tgt:t43/c43__cat": 4,
        "regressor@tgt:t0/c0__bin": [
            96,
            80
        ],
        "regressor@tgt:t1/c1__bin": [
            96,
            80
        ],
        "regressor@tgt:t2/c2__cat": [
            96,
            64
        ],
        "regressor@tgt:t3/c3__bin": [
            96,
            80
        ],
        "regressor@tgt:t4/c4__cat": [
            96,
            16
        ],
        "regressor@tgt:t5/c5__cat": [
            96,
            16
        ],
        "regressor@tgt:t6/c6__cat": [
            96,
            16
        ],
        "regressor@tgt:t7/c7__cat": [
            96,
            16
        ],
        "regressor@tgt:t8/c8__cat": [
            96,
            16
        ],
        "regressor@tgt:t9/c9__cat": [
            96,
            16
        ],
        "regressor@tgt:t10/c10__cat": [
            96,
            16
        ],
        "regressor@tgt:t11/c11__cat": [
            96,
            16
        ],
        "regressor@tgt:t12/c12__cat": [
            96,
            16
        ],
        "regressor@tgt:t13/c13__cat": [
            96,
            16
        ],
        "regressor@tgt:t14/c14__cat": [
            96,
            16
        ],
        "regressor@tgt:t15/c15__cat": [
            96,
            32
        ],
        "regressor@tgt:t16/c16__cat": [
            96,
            48
        ],
        "regressor@tgt:t17/c17__cat": [
            96,
            16
        ],
        "regressor@tgt:t18/c18__cat": [
            96,
            48
        ],
        "regressor@tgt:t19/c19__cat": [
            96,
            48
        ],
        "regressor@tgt:t20/c20__cat": [
            96,
            16
        ],
        "regressor@tgt:t21/c21__cat": [
            96,
            16
        ],
        "regressor@tgt:t22/c22__cat": [
            96,
            16
        ],
        "regressor@tgt:t23/c23__cat": [
            96,
            16
        ],
        "regressor@tgt:t24/c24__cat": [
            96,
            16
        ],
        "regressor@tgt:t25/c25__cat": [
            96,
            16
        ],
        "regressor@tgt:t26/c26__cat": [
            96,
            16
        ],
        "regressor@tgt:t27/c27__cat": [
            96,
            32
        ],
        "regressor@tgt:t28/c28__cat": [
            96,
            48
        ],
        "regressor@tgt:t29/c29__cat": [
            96,
            16
        ],
        "regressor@tgt:t30/c30__cat": [
            96,
            48
        ],
        "regressor@tgt:t31/c31__cat": [
            96,
            32
        ],
        "regressor@tgt:t32/c32__cat": [
            96,
            48
        ],
        "regressor@tgt:t33/c33__cat": [
            96,
            48
        ],
        "regressor@tgt:t34/c34__cat": [
            96,
            48
        ],
        "regressor@tgt:t35/c35__cat": [
            96,
            16
        ],
        "regressor@tgt:t36/c36__cat": [
            96,
            16
        ],
        "regressor@tgt:t37/c37__cat": [
            96,
            16
        ],
        "regressor@tgt:t38/c38__cat": [
            96,
            16
        ],
        "regressor@tgt:t39/c39__cat": [
            96,
            16
        ],
        "regressor@tgt:t40/c40__cat": [
            96,
            16
        ],
        "regressor@tgt:t41/c41__cat": [
            96,
            16
        ],
        "regressor@tgt:t42/c42__cat": [
            96,
            16
        ],
        "regressor@tgt:t43/c43__cat": [
            96,
            16
        ]
    },
    "enable_flexible_generation": true
}