{
  "id": "a598d6c7-f09a-449e-b3a8-33f4bc41e873",
  "name": "Application 3",
  "description": null,
  "trainingStatus": "DONE",
  "trainingTime": null,
  "usage": null,
  "metadata": null,
  "accuracy": 0.9666212,
  "tables": [
    {
      "id": "916e6a1a-a0c0-4bdc-bbc3-073714792aae",
      "sourceConnectorId": "1dfd0f89-5f74-4e97-a9cc-349415bee93f",
      "location": "/home/igirela/mostlyai/connectors/1dfd0f89-5f74-4e97-a9cc-349415bee93f/data.parquet",
      "name": "household_survey",
      "primaryKey": "hh_id",
      "columns": [
        {
          "id": "819dd171-0dac-4812-86e4-1af329a2e582",
          "name": "hh_id",
          "included": true,
          "modelEncodingType": "AUTO",
          "valueRange": null
        },
        {
          "id": "d97ca8e3-20fb-45c4-8096-4f4ee87eff05",
          "name": "psu",
          "included": true,
          "modelEncodingType": "TABULAR_NUMERIC_BINNED",
          "valueRange": {
            "min": "1.0",
            "max": "1112.0",
            "values": null,
            "has_null": false
          }
        },
        {
          "id": "27b52cb3-55c2-46f0-87a7-cad670b38b0d",
          "name": "strata",
          "included": true,
          "modelEncodingType": "TABULAR_CATEGORICAL",
          "valueRange": {
            "min": null,
            "max": null,
            "values": [
              "Balaka Rural",
              "Balaka Urban",
              "Blantyre City",
              "Blantyre Rural",
              "Chikwawa Rural",
              "Chikwawa Urban",
              "Chiradzulu Rural",
              "Chiradzulu Urban",
              "Chitipa Rural",
              "Chitipa Urban",
              "Dedza Rural",
              "Dedza Urban",
              "Dowa Rural",
              "Dowa Urban",
              "Karonga Rural",
              "Karonga Urban",
              "Kasungu Rural",
              "Kasungu Urban",
              "Likoma Rural",
              "Likoma Urban",
              "Lilongwe City",
              "Lilongwe Rural",
              "Machinga Rural",
              "Machinga Urban",
              "Mangochi Rural",
              "Mangochi Urban",
              "Mchinji Rural",
              "Mchinji Urban",
              "Mulanje Rural",
              "Mulanje Urban",
              "Mwanza Rural",
              "Mwanza Urban",
              "Mzimba Rural",
              "Mzuzu City",
              "Neno Rural",
              "Neno Urban",
              "Nkhata Bay Rural",
              "Nkhata Bay Urban",
              "Nkhotakota Rural",
              "Nkhotakota Urban",
              "Nsanje Rural",
              "Nsanje Urban",
              "Ntcheu Rural",
              "Ntcheu Urban",
              "Ntchisi Rural",
              "Ntchisi Urban",
              "Phalombe Rural",
              "Phalombe Urban",
              "Rumphi Rural",
              "Rumphi Urban",
              "Salima Rural",
              "Salima Urban",
              "Thyolo Rural",
              "Thyolo Urban",
              "Zomba  Rural",
              "Zomba City"
            ],
            "has_null": false
          }
        },
        {
          "id": "a04921d1-520d-424b-b251-5ced4e2dcd64",
          "name": "weight",
          "included": true,
          "modelEncodingType": "TABULAR_NUMERIC_BINNED",
          "valueRange": {
            "min": "0.012080392800271511",
            "max": "11.163359642028809",
            "values": null,
            "has_null": false
          }
        },
        {
          "id": "82bbf141-3b51-4cac-bbf9-34228be7a1fb",
          "name": "d_cm",
          "included": true,
          "modelEncodingType": "TABULAR_NUMERIC_DISCRETE",
          "valueRange": {
            "min": null,
            "max": null,
            "values": [
              "0.0",
              "1.0"
            ],
            "has_null": true
          }
        },
        {
          "id": "9afeb62d-9fca-49a3-8985-26b75616e03a",
          "name": "d_nutr",
          "included": true,
          "modelEncodingType": "TABULAR_NUMERIC_DISCRETE",
          "valueRange": {
            "min": null,
            "max": null,
            "values": [
              "0.0",
              "1.0"
            ],
            "has_null": true
          }
        },
        {
          "id": "e6ad80e8-cfa7-458f-b1d1-8ad01adb1619",
          "name": "d_satt",
          "included": true,
          "modelEncodingType": "TABULAR_NUMERIC_DISCRETE",
          "valueRange": {
            "min": null,
            "max": null,
            "values": [
              "0.0",
              "1.0"
            ],
            "has_null": true
          }
        },
        {
          "id": "449c34e6-10e7-4a3b-a432-9255b5e769e3",
          "name": "d_educ",
          "included": true,
          "modelEncodingType": "TABULAR_NUMERIC_DISCRETE",
          "valueRange": {
            "min": null,
            "max": null,
            "values": [
              "0.0",
              "1.0"
            ],
            "has_null": true
          }
        },
        {
          "id": "ec45d43b-48b3-4ed0-be43-431bee4fd804",
          "name": "d_elct",
          "included": true,
          "modelEncodingType": "TABULAR_NUMERIC_DISCRETE",
          "valueRange": {
            "min": null,
            "max": null,
            "values": [
              "0.0",
              "1.0"
            ],
            "has_null": true
          }
        },
        {
          "id": "046a1ca0-a253-41d7-90cb-a4afabc19d91",
          "name": "d_sani",
          "included": true,
          "modelEncodingType": "TABULAR_NUMERIC_DISCRETE",
          "valueRange": {
            "min": null,
            "max": null,
            "values": [
              "0.0",
              "1.0"
            ],
            "has_null": true
          }
        },
        {
          "id": "f13e812c-5c4d-4697-95c0-cec49beede3e",
          "name": "d_wtr",
          "included": true,
          "modelEncodingType": "TABULAR_NUMERIC_DISCRETE",
          "valueRange": {
            "min": null,
            "max": null,
            "values": [
              "0.0",
              "1.0"
            ],
            "has_null": true
          }
        },
        {
          "id": "ce3eef34-1f5a-47d6-906d-ac2d575db915",
          "name": "d_hsg",
          "included": true,
          "modelEncodingType": "TABULAR_NUMERIC_DISCRETE",
          "valueRange": {
            "min": null,
            "max": null,
            "values": [
              "0.0",
              "1.0"
            ],
            "has_null": true
          }
        },
        {
          "id": "f934ab00-a1c9-450e-bd3e-51c3b1e56dba",
          "name": "d_ckfl",
          "included": true,
          "modelEncodingType": "TABULAR_NUMERIC_DISCRETE",
          "valueRange": {
            "min": null,
            "max": null,
            "values": [
              "0.0",
              "1.0"
            ],
            "has_null": true
          }
        },
        {
          "id": "3c96a811-75c1-4a88-ba63-4ba617cf74f8",
          "name": "d_asst",
          "included": true,
          "modelEncodingType": "TABULAR_NUMERIC_DISCRETE",
          "valueRange": {
            "min": null,
            "max": null,
            "values": [
              "0",
              "1"
            ],
            "has_null": false
          }
        },
        {
          "id": "44843158-04b0-4aa6-b1ac-69f18633d3be",
          "name": "sex_Male",
          "included": true,
          "modelEncodingType": "TABULAR_NUMERIC_DISCRETE",
          "valueRange": {
            "min": null,
            "max": null,
            "values": [
              "0",
              "1",
              "2",
              "3",
              "4",
              "5",
              "6",
              "7",
              "8",
              "9",
              "10",
              "11",
              "12"
            ],
            "has_null": false
          }
        },
        {
          "id": "7957430d-2eda-456a-a38e-1a3cdbdc79f8",
          "name": "sex_Female",
          "included": true,
          "modelEncodingType": "TABULAR_NUMERIC_DISCRETE",
          "valueRange": {
            "min": null,
            "max": null,
            "values": [
              "0",
              "1",
              "2",
              "3",
              "4",
              "5",
              "6",
              "7",
              "8",
              "9",
              "10",
              "11"
            ],
            "has_null": false
          }
        },
        {
          "id": "2de5f564-3ced-40eb-b47f-eda6bb742511",
          "name": "agec7_0-4",
          "included": true,
          "modelEncodingType": "TABULAR_NUMERIC_DISCRETE",
          "valueRange": {
            "min": null,
            "max": null,
            "values": [
              "0",
              "1",
              "2",
              "3",
              "4",
              "5"
            ],
            "has_null": false
          }
        },
        {
          "id": "46a8640d-bc75-4847-afdb-d424f8c91383",
          "name": "agec7_5-9",
          "included": true,
          "modelEncodingType": "TABULAR_NUMERIC_DISCRETE",
          "valueRange": {
            "min": null,
            "max": null,
            "values": [
              "0",
              "1",
              "2",
              "3",
              "4",
              "5",
              "6"
            ],
            "has_null": false
          }
        },
        {
          "id": "4d86f9ac-a87b-4d6f-bd10-e013542fb7b1",
          "name": "agec7_10-14",
          "included": true,
          "modelEncodingType": "TABULAR_NUMERIC_DISCRETE",
          "valueRange": {
            "min": null,
            "max": null,
            "values": [
              "0",
              "1",
              "2",
              "3",
              "4",
              "5",
              "6",
              "7"
            ],
            "has_null": false
          }
        },
        {
          "id": "455d7650-85b3-45c8-8917-d1f7da619267",
          "name": "agec7_15-17",
          "included": true,
          "modelEncodingType": "TABULAR_NUMERIC_DISCRETE",
          "valueRange": {
            "min": null,
            "max": null,
            "values": [
              "0",
              "1",
              "2",
              "3",
              "4"
            ],
            "has_null": false
          }
        },
        {
          "id": "64360899-e91f-4924-bef0-fea408f5748b",
          "name": "agec7_18-59",
          "included": true,
          "modelEncodingType": "TABULAR_NUMERIC_DISCRETE",
          "valueRange": {
            "min": null,
            "max": null,
            "values": [
              "0",
              "1",
              "2",
              "3",
              "4",
              "5",
              "6",
              "7",
              "8"
            ],
            "has_null": false
          }
        },
        {
          "id": "e363cf8f-d401-4dbd-9467-a48ca3555dac",
          "name": "agec7_60+",
          "included": true,
          "modelEncodingType": "TABULAR_NUMERIC_DISCRETE",
          "valueRange": {
            "min": null,
            "max": null,
            "values": [
              "0",
              "1",
              "2",
              "3",
              "4"
            ],
            "has_null": false
          }
        },
        {
          "id": "bb0fb47c-e838-40bc-9c58-650bf5ac4d36",
          "name": "hhsize",
          "included": true,
          "modelEncodingType": "TABULAR_NUMERIC_DISCRETE",
          "valueRange": {
            "min": null,
            "max": null,
            "values": [
              "1",
              "2",
              "3",
              "4",
              "5",
              "6",
              "7",
              "8",
              "9",
              "10",
              "11",
              "12",
              "13",
              "14",
              "15",
              "16",
              "17",
              "18"
            ],
            "has_null": false
          }
        },
        {
          "id": "3d99a98b-2e7b-45a4-81e9-e51926783d26",
          "name": "region",
          "included": true,
          "modelEncodingType": "TABULAR_CATEGORICAL",
          "valueRange": {
            "min": null,
            "max": null,
            "values": [
              "Balaka",
              "Blantyre",
              "Chikwawa",
              "Chiradzulu",
              "Chitipa",
              "Dedza",
              "Dowa",
              "Karonga",
              "Kasungu",
              "Likoma",
              "Lilongwe",
              "Machinga",
              "Mangochi",
              "Mchinji",
              "Mulange",
              "Mwanza",
              "Mzimba",
              "Neno",
              "Nkhata Bay",
              "Nkhotakota",
              "Nsanje",
              "Ntcheu",
              "Ntchisi",
              "Phalombe",
              "Rumphi",
              "Salima",
              "Thyolo",
              "Zomba"
            ],
            "has_null": false
          }
        },
        {
          "id": "4710f2c5-5bfe-48b2-9575-ee029a18dc6a",
          "name": "area",
          "included": true,
          "modelEncodingType": "TABULAR_CATEGORICAL",
          "valueRange": {
            "min": null,
            "max": null,
            "values": [
              "rural",
              "urban"
            ],
            "has_null": false
          }
        }
      ],
      "foreignKeys": null,
      "tabularModelMetrics": {
        "accuracy": {
          "overall": 0.9666212,
          "univariate": 0.9828588,
          "bivariate": 0.9672641,
          "trivariate": 0.9497406,
          "coherence": null,
          "overallMax": 0.987264,
          "univariateMax": 0.9947667,
          "bivariateMax": 0.9884689,
          "trivariateMax": 0.9785564,
          "coherenceMax": null
        },
        "distances": {
          "imsTraining": 0.0,
          "imsHoldout": 0.0,
          "imsTrnHol": 0.014,
          "dcrTraining": 0.008,
          "dcrHoldout": 0.009,
          "dcrTrnHol": 0.007,
          "dcrShare": 0.521,
          "nndrTraining": 0.068776900717,
          "nndrHoldout": 0.05314695022,
          "nndrTrnHol": 9.15741e-7
        },
        "similarity": {
          "cosineSimilarityTrainingSynthetic": 0.9994084,
          "cosineSimilarityTrainingHoldout": 0.9997736,
          "discriminatorAUCTrainingSynthetic": 0.64,
          "discriminatorAUCTrainingHoldout": 0.492
        }
      },
      "languageModelMetrics": null,
      "tabularModelConfiguration": {
        "model": "MOSTLY_AI/Large",
        "maxSampleSize": null,
        "batchSize": null,
        "gradientAccumulationSteps": null,
        "maxTrainingTime": 14400.0,
        "maxEpochs": 100.0,
        "maxSequenceWindow": 100,
        "enableFlexibleGeneration": true,
        "valueProtection": false,
        "rareCategoryReplacementMethod": "CONSTANT",
        "differentialPrivacy": null,
        "compute": null,
        "enableModelReport": true
      },
      "languageModelConfiguration": null,
      "totalRows": 25419
    }
  ],
  "randomState": null
}