{
  "id": "68b76c9d-a41b-4cd3-a8cc-67aacbf075ed",
  "name": "Application 3",
  "description": null,
  "trainingStatus": "DONE",
  "trainingTime": null,
  "usage": null,
  "metadata": null,
  "accuracy": 0.9697844,
  "tables": [
    {
      "id": "3336290f-7a0f-4bb0-af7d-c7237dca61fb",
      "sourceConnectorId": "16d0bb87-5f6c-49e5-81a7-d96e13f604b8",
      "location": "/home/igirela/mostlyai/connectors/16d0bb87-5f6c-49e5-81a7-d96e13f604b8/data.parquet",
      "name": "household_survey",
      "primaryKey": "hh_id",
      "columns": [
        {
          "id": "f6bc10ff-ba0c-486f-8a8d-37e7a3ff2c8b",
          "name": "hh_id",
          "included": true,
          "modelEncodingType": "AUTO",
          "valueRange": null
        },
        {
          "id": "08464a6f-942e-4815-a673-9f9b00e0e530",
          "name": "psu",
          "included": true,
          "modelEncodingType": "TABULAR_NUMERIC_BINNED",
          "valueRange": {
            "min": "1.0",
            "max": "1112.0",
            "values": null,
            "has_null": false
          }
        },
        {
          "id": "17f11255-d8a7-406a-933d-f38a5d8340e4",
          "name": "strata",
          "included": true,
          "modelEncodingType": "TABULAR_CATEGORICAL",
          "valueRange": {
            "min": null,
            "max": null,
            "values": [
              "Balaka Rural",
              "Balaka Urban",
              "Blantyre City",
              "Blantyre Rural",
              "Chikwawa Rural",
              "Chikwawa Urban",
              "Chiradzulu Rural",
              "Chiradzulu Urban",
              "Chitipa Rural",
              "Chitipa Urban",
              "Dedza Rural",
              "Dedza Urban",
              "Dowa Rural",
              "Dowa Urban",
              "Karonga Rural",
              "Karonga Urban",
              "Kasungu Rural",
              "Kasungu Urban",
              "Likoma Rural",
              "Likoma Urban",
              "Lilongwe City",
              "Lilongwe Rural",
              "Machinga Rural",
              "Machinga Urban",
              "Mangochi Rural",
              "Mangochi Urban",
              "Mchinji Rural",
              "Mchinji Urban",
              "Mulanje Rural",
              "Mulanje Urban",
              "Mwanza Rural",
              "Mwanza Urban",
              "Mzimba Rural",
              "Mzuzu City",
              "Neno Rural",
              "Neno Urban",
              "Nkhata Bay Rural",
              "Nkhata Bay Urban",
              "Nkhotakota Rural",
              "Nkhotakota Urban",
              "Nsanje Rural",
              "Nsanje Urban",
              "Ntcheu Rural",
              "Ntcheu Urban",
              "Ntchisi Rural",
              "Ntchisi Urban",
              "Phalombe Rural",
              "Phalombe Urban",
              "Rumphi Rural",
              "Rumphi Urban",
              "Salima Rural",
              "Salima Urban",
              "Thyolo Rural",
              "Thyolo Urban",
              "Zomba  Rural",
              "Zomba City"
            ],
            "has_null": false
          }
        },
        {
          "id": "03316f88-bf7d-400f-b988-0f693cb39bb2",
          "name": "weight",
          "included": true,
          "modelEncodingType": "TABULAR_NUMERIC_BINNED",
          "valueRange": {
            "min": "0.012080392800271511",
            "max": "11.163359642028809",
            "values": null,
            "has_null": false
          }
        },
        {
          "id": "c61f33fb-f1c4-4a67-9b19-79b3060b44ed",
          "name": "d_cm",
          "included": true,
          "modelEncodingType": "TABULAR_NUMERIC_DISCRETE",
          "valueRange": {
            "min": null,
            "max": null,
            "values": [
              "0.0",
              "1.0"
            ],
            "has_null": true
          }
        },
        {
          "id": "60855d99-6727-40b4-81b9-0341e4138cd1",
          "name": "d_nutr",
          "included": true,
          "modelEncodingType": "TABULAR_NUMERIC_DISCRETE",
          "valueRange": {
            "min": null,
            "max": null,
            "values": [
              "0.0",
              "1.0"
            ],
            "has_null": true
          }
        },
        {
          "id": "fa2c1737-3064-4480-bcbf-91f867b77b9b",
          "name": "d_satt",
          "included": true,
          "modelEncodingType": "TABULAR_NUMERIC_DISCRETE",
          "valueRange": {
            "min": null,
            "max": null,
            "values": [
              "0.0",
              "1.0"
            ],
            "has_null": true
          }
        },
        {
          "id": "bec4bdff-11bf-4712-ae06-0633f776165d",
          "name": "d_educ",
          "included": true,
          "modelEncodingType": "TABULAR_NUMERIC_DISCRETE",
          "valueRange": {
            "min": null,
            "max": null,
            "values": [
              "0.0",
              "1.0"
            ],
            "has_null": true
          }
        },
        {
          "id": "2c8faa3c-6044-4446-aec4-ca0d28983339",
          "name": "d_elct",
          "included": true,
          "modelEncodingType": "TABULAR_NUMERIC_DISCRETE",
          "valueRange": {
            "min": null,
            "max": null,
            "values": [
              "0.0",
              "1.0"
            ],
            "has_null": true
          }
        },
        {
          "id": "2725de78-eaf1-4851-85e8-dae97f185ed3",
          "name": "d_sani",
          "included": true,
          "modelEncodingType": "TABULAR_NUMERIC_DISCRETE",
          "valueRange": {
            "min": null,
            "max": null,
            "values": [
              "0.0",
              "1.0"
            ],
            "has_null": true
          }
        },
        {
          "id": "02bb4c08-87e2-4981-a7f5-6481616e8a68",
          "name": "d_wtr",
          "included": true,
          "modelEncodingType": "TABULAR_NUMERIC_DISCRETE",
          "valueRange": {
            "min": null,
            "max": null,
            "values": [
              "0.0",
              "1.0"
            ],
            "has_null": true
          }
        },
        {
          "id": "39c85e4a-8436-4e44-965e-2e7143baf658",
          "name": "d_hsg",
          "included": true,
          "modelEncodingType": "TABULAR_NUMERIC_DISCRETE",
          "valueRange": {
            "min": null,
            "max": null,
            "values": [
              "0.0",
              "1.0"
            ],
            "has_null": true
          }
        },
        {
          "id": "088e374a-9d7b-44e4-99ed-e5fb81081c8f",
          "name": "d_ckfl",
          "included": true,
          "modelEncodingType": "TABULAR_NUMERIC_DISCRETE",
          "valueRange": {
            "min": null,
            "max": null,
            "values": [
              "0.0",
              "1.0"
            ],
            "has_null": true
          }
        },
        {
          "id": "eae166d3-6b00-428f-87ec-7506a1533129",
          "name": "d_asst",
          "included": true,
          "modelEncodingType": "TABULAR_NUMERIC_DISCRETE",
          "valueRange": {
            "min": null,
            "max": null,
            "values": [
              "0",
              "1"
            ],
            "has_null": false
          }
        },
        {
          "id": "38ee22e7-8d70-4bc8-942f-eb22970b6e4b",
          "name": "sex_Male",
          "included": true,
          "modelEncodingType": "TABULAR_NUMERIC_DISCRETE",
          "valueRange": {
            "min": null,
            "max": null,
            "values": [
              "0",
              "1",
              "2",
              "3",
              "4",
              "5",
              "6",
              "7",
              "8",
              "9",
              "10",
              "11",
              "12"
            ],
            "has_null": false
          }
        },
        {
          "id": "c20f18c9-3dfc-48fe-8edd-11d96d399dbf",
          "name": "sex_Female",
          "included": true,
          "modelEncodingType": "TABULAR_NUMERIC_DISCRETE",
          "valueRange": {
            "min": null,
            "max": null,
            "values": [
              "0",
              "1",
              "2",
              "3",
              "4",
              "5",
              "6",
              "7",
              "8",
              "9",
              "10",
              "11"
            ],
            "has_null": false
          }
        },
        {
          "id": "96d2234d-e246-483d-9b09-029227c2b6b7",
          "name": "agec7_0-4",
          "included": true,
          "modelEncodingType": "TABULAR_NUMERIC_DISCRETE",
          "valueRange": {
            "min": null,
            "max": null,
            "values": [
              "0",
              "1",
              "2",
              "3",
              "4",
              "5"
            ],
            "has_null": false
          }
        },
        {
          "id": "df09102d-0e4a-4415-b72d-950ea1e50e8c",
          "name": "agec7_5-9",
          "included": true,
          "modelEncodingType": "TABULAR_NUMERIC_DISCRETE",
          "valueRange": {
            "min": null,
            "max": null,
            "values": [
              "0",
              "1",
              "2",
              "3",
              "4",
              "5",
              "6"
            ],
            "has_null": false
          }
        },
        {
          "id": "2618e0ec-5254-472f-ba8b-160a940fd496",
          "name": "agec7_10-14",
          "included": true,
          "modelEncodingType": "TABULAR_NUMERIC_DISCRETE",
          "valueRange": {
            "min": null,
            "max": null,
            "values": [
              "0",
              "1",
              "2",
              "3",
              "4",
              "5",
              "6",
              "7"
            ],
            "has_null": false
          }
        },
        {
          "id": "d7bcfe34-b940-47d3-87ce-7be2176c9232",
          "name": "agec7_15-17",
          "included": true,
          "modelEncodingType": "TABULAR_NUMERIC_DISCRETE",
          "valueRange": {
            "min": null,
            "max": null,
            "values": [
              "0",
              "1",
              "2",
              "3",
              "4"
            ],
            "has_null": false
          }
        },
        {
          "id": "6e2d7c18-8ee7-4b9d-9526-0237bbd190dd",
          "name": "agec7_18-59",
          "included": true,
          "modelEncodingType": "TABULAR_NUMERIC_DISCRETE",
          "valueRange": {
            "min": null,
            "max": null,
            "values": [
              "0",
              "1",
              "2",
              "3",
              "4",
              "5",
              "6",
              "7",
              "8"
            ],
            "has_null": false
          }
        },
        {
          "id": "826048b9-53af-4d98-9530-2286a74c996f",
          "name": "agec7_60+",
          "included": true,
          "modelEncodingType": "TABULAR_NUMERIC_DISCRETE",
          "valueRange": {
            "min": null,
            "max": null,
            "values": [
              "0",
              "1",
              "2",
              "3",
              "4"
            ],
            "has_null": false
          }
        },
        {
          "id": "99ac4a5d-c025-423d-a7b4-612042d30a5d",
          "name": "hhsize",
          "included": true,
          "modelEncodingType": "TABULAR_NUMERIC_DISCRETE",
          "valueRange": {
            "min": null,
            "max": null,
            "values": [
              "1",
              "2",
              "3",
              "4",
              "5",
              "6",
              "7",
              "8",
              "9",
              "10",
              "11",
              "12",
              "13",
              "14",
              "15",
              "16",
              "17",
              "18"
            ],
            "has_null": false
          }
        },
        {
          "id": "38367ff9-a416-4ba2-8b51-ace7d7dbd71f",
          "name": "region",
          "included": true,
          "modelEncodingType": "TABULAR_CATEGORICAL",
          "valueRange": {
            "min": null,
            "max": null,
            "values": [
              "Balaka",
              "Blantyre",
              "Chikwawa",
              "Chiradzulu",
              "Chitipa",
              "Dedza",
              "Dowa",
              "Karonga",
              "Kasungu",
              "Likoma",
              "Lilongwe",
              "Machinga",
              "Mangochi",
              "Mchinji",
              "Mulange",
              "Mwanza",
              "Mzimba",
              "Neno",
              "Nkhata Bay",
              "Nkhotakota",
              "Nsanje",
              "Ntcheu",
              "Ntchisi",
              "Phalombe",
              "Rumphi",
              "Salima",
              "Thyolo",
              "Zomba"
            ],
            "has_null": false
          }
        },
        {
          "id": "d686d9e2-f60a-47f8-921a-878e4bee2cb4",
          "name": "area",
          "included": true,
          "modelEncodingType": "TABULAR_CATEGORICAL",
          "valueRange": {
            "min": null,
            "max": null,
            "values": [
              "rural",
              "urban"
            ],
            "has_null": false
          }
        }
      ],
      "foreignKeys": null,
      "tabularModelMetrics": {
        "accuracy": {
          "overall": 0.9697844,
          "univariate": 0.9854246,
          "bivariate": 0.9706245,
          "trivariate": 0.9533041,
          "coherence": null,
          "overallMax": 0.9872647,
          "univariateMax": 0.9947667,
          "bivariateMax": 0.9884694,
          "trivariateMax": 0.9785581,
          "coherenceMax": null
        },
        "distances": {
          "imsTraining": 0.0,
          "imsHoldout": 0.0,
          "imsTrnHol": 0.004,
          "dcrTraining": 0.012,
          "dcrHoldout": 0.013,
          "dcrTrnHol": 0.009,
          "dcrShare": 0.519,
          "nndrTraining": 0.002041631371,
          "nndrHoldout": 0.002534432792,
          "nndrTrnHol": 0.000018206985
        },
        "similarity": {
          "cosineSimilarityTrainingSynthetic": 0.9996543,
          "cosineSimilarityTrainingHoldout": 0.9998232,
          "discriminatorAUCTrainingSynthetic": 0.62,
          "discriminatorAUCTrainingHoldout": 0.502
        }
      },
      "languageModelMetrics": null,
      "tabularModelConfiguration": {
        "model": "MOSTLY_AI/Large",
        "maxSampleSize": null,
        "batchSize": null,
        "gradientAccumulationSteps": null,
        "maxTrainingTime": 14400.0,
        "maxEpochs": 100.0,
        "maxSequenceWindow": 100,
        "enableFlexibleGeneration": true,
        "valueProtection": false,
        "rareCategoryReplacementMethod": "CONSTANT",
        "differentialPrivacy": null,
        "compute": null,
        "enableModelReport": true
      },
      "languageModelConfiguration": null,
      "totalRows": 25419
    }
  ],
  "randomState": null
}