[{"hh_id":10511,"ind_id":"mostly21-ea50-4947-bf55-9ee20ee97a08","psu":100,"strata":"Nkhata Bay Rural","weight":0.15596575,"d_cm":0,"d_nutr":0.0,"d_satt":0,"d_educ":0,"d_elct":0,"d_wtr":0,"d_sani":0,"d_hsg":1,"d_ckfl":1,"d_asst":0,"sex":"Male","agec7":"18-59","hhsize":5,"area":"rural","region":"Nkhata Bay","eduyears":8,"no_missing_edu":1,"attendance":"not currently attending","no_missing_atten":1,"child_eligible":0,"underweight":null,"stunting":null,"wasting":null,"child_mortality":0.0,"toilet":"PIT LATRINE: PIT LATRINE WITH SLAB","shared_toilet":"0.0","water":"TUBE WELL \/ BOREHOLE","floor":"EARTH \/ SAND","wall":"BRICKS (BURNT)","roof":"IRON SHEETS \/ METAL \/ TIN","cookingfuel":"WOOD","television":"No","radio":"Yes","telephone":"No","refrigerator":"No","car":"No","bicycle":"Yes","motorbike":"No","animal_cart":"No","computer":"No"},{"hh_id":55660,"ind_id":"mostly9f-4213-4b2d-92ca-5c0df490b2e9","psu":552,"strata":"Ntcheu Rural","weight":0.56586459,"d_cm":0,"d_nutr":0.0,"d_satt":0,"d_educ":0,"d_elct":1,"d_wtr":0,"d_sani":0,"d_hsg":1,"d_ckfl":1,"d_asst":1,"sex":"Male","agec7":"18-59","hhsize":7,"area":"rural","region":"Ntcheu","eduyears":7,"no_missing_edu":1,"attendance":"not currently attending","no_missing_atten":1,"child_eligible":0,"underweight":null,"stunting":null,"wasting":null,"child_mortality":0.0,"toilet":"PIT LATRINE: VENTILATED IMPROVED PIT LATRINE","shared_toilet":"0.0","water":"TUBE WELL \/ BOREHOLE","floor":"DUNG","wall":"DIRT","roof":"THATCH \/ PALM LEAF","cookingfuel":"CHARCOAL","television":"No","radio":"No","telephone":"No","refrigerator":"No","car":"No","bicycle":"No","motorbike":"No","animal_cart":"No","computer":"No"},{"hh_id":78534,"ind_id":"mostly44-a0fa-4ee4-9b27-7788fdfa7ec4","psu":796,"strata":"Mwanza Urban","weight":0.0813709,"d_cm":0,"d_nutr":0.0,"d_satt":0,"d_educ":0,"d_elct":0,"d_wtr":1,"d_sani":1,"d_hsg":0,"d_ckfl":1,"d_asst":0,"sex":"Male","agec7":"10-14","hhsize":8,"area":"urban","region":"Mwanza","eduyears":8,"no_missing_edu":1,"attendance":"currently attending","no_missing_atten":1,"child_eligible":0,"underweight":null,"stunting":null,"wasting":null,"child_mortality":0.0,"toilet":"PIT LATRINE: PIT LATRINE WITH SLAB","shared_toilet":"YES","water":"TUBE WELL \/ BOREHOLE","floor":"CEMENT","wall":"BRICKS (BURNT)","roof":"IRON SHEETS \/ METAL \/ TIN","cookingfuel":"CHARCOAL","television":"No","radio":"Yes","telephone":"Yes","refrigerator":"No","car":"No","bicycle":"Yes","motorbike":"No","animal_cart":"No","computer":"No"},{"hh_id":100759,"ind_id":"mostlyf1-ea16-44b3-afa1-5f07fd3c4aca","psu":1017,"strata":"Balaka Rural","weight":0.57870401,"d_cm":0,"d_nutr":0.0,"d_satt":0,"d_educ":0,"d_elct":0,"d_wtr":0,"d_sani":1,"d_hsg":1,"d_ckfl":1,"d_asst":1,"sex":"Female","agec7":"18-59","hhsize":6,"area":"rural","region":"Balaka","eduyears":1,"no_missing_edu":1,"attendance":"not currently attending","no_missing_atten":1,"child_eligible":0,"underweight":null,"stunting":null,"wasting":null,"child_mortality":0.0,"toilet":"PIT LATRINE: PIT LATRINE WITH SLAB","shared_toilet":"YES","water":"TUBE WELL \/ BOREHOLE","floor":"CEMENT","wall":"UNCOVERED ADOBE (UNBURNT BRICKS)","roof":"THATCH \/ PALM LEAF","cookingfuel":"WOOD","television":"No","radio":"No","telephone":"Yes","refrigerator":"No","car":"No","bicycle":"No","motorbike":"No","animal_cart":"No","computer":"No"},{"hh_id":108754,"ind_id":"mostlyba-6f69-4b49-8ad2-cc2a4767d861","psu":1086,"strata":"Zomba City","weight":1.70005081,"d_cm":0,"d_nutr":0.0,"d_satt":0,"d_educ":0,"d_elct":0,"d_wtr":0,"d_sani":1,"d_hsg":0,"d_ckfl":1,"d_asst":1,"sex":"Male","agec7":"15-17","hhsize":3,"area":"urban","region":"Zomba","eduyears":6,"no_missing_edu":1,"attendance":"currently attending","no_missing_atten":1,"child_eligible":0,"underweight":null,"stunting":null,"wasting":null,"child_mortality":0.0,"toilet":"PIT LATRINE: PIT LATRINE WITHOUT SLAB \/ OPEN PIT","shared_toilet":"0.0","water":"PIPED WATER: PIPED TO YARD \/ PLOT","floor":"CEMENT","wall":"BRICKS (BURNT)","roof":"IRON SHEETS \/ METAL \/ TIN","cookingfuel":"CHARCOAL","television":"No","radio":"No","telephone":"Yes","refrigerator":"No","car":"No","bicycle":"No","motorbike":"No","animal_cart":"No","computer":"No"},{"hh_id":65361,"ind_id":"mostly89-d495-4cad-9c8f-f41b5f844def","psu":647,"strata":"Machinga Rural","weight":1.34922157,"d_cm":0,"d_nutr":0.0,"d_satt":0,"d_educ":1,"d_elct":1,"d_wtr":0,"d_sani":0,"d_hsg":1,"d_ckfl":1,"d_asst":1,"sex":"Female","agec7":"18-59","hhsize":3,"area":"rural","region":"Machinga","eduyears":0,"no_missing_edu":1,"attendance":"not currently attending","no_missing_atten":1,"child_eligible":0,"underweight":null,"stunting":null,"wasting":null,"child_mortality":0.0,"toilet":"PIT LATRINE: PIT LATRINE WITH SLAB","shared_toilet":"0.0","water":"TUBE WELL \/ BOREHOLE","floor":"EARTH \/ SAND","wall":"BRICKS (BURNT)","roof":"THATCH \/ PALM LEAF","cookingfuel":"CROP RESIDUE \/ GRASS \/ STRAW \/ SHRUBS","television":"No","radio":"No","telephone":"No","refrigerator":"No","car":"No","bicycle":"No","motorbike":"No","animal_cart":"No","computer":"No"},{"hh_id":49316,"ind_id":"mostly39-659d-4e16-afd3-a09e08c64d75","psu":489,"strata":"Dedza Rural","weight":0.89024527,"d_cm":0,"d_nutr":0.0,"d_satt":0,"d_educ":0,"d_elct":1,"d_wtr":0,"d_sani":0,"d_hsg":1,"d_ckfl":1,"d_asst":1,"sex":"Male","agec7":"18-59","hhsize":4,"area":"rural","region":"Dedza","eduyears":2,"no_missing_edu":1,"attendance":"not currently attending","no_missing_atten":1,"child_eligible":0,"underweight":null,"stunting":null,"wasting":null,"child_mortality":0.0,"toilet":"PIT LATRINE: PIT LATRINE WITH SLAB","shared_toilet":"0.0","water":"DUG WELL: PROTECTED WELL","floor":"EARTH \/ SAND","wall":"BRICKS (BURNT)","roof":"THATCH \/ PALM LEAF","cookingfuel":"WOOD","television":"No","radio":"No","telephone":"No","refrigerator":"No","car":"No","bicycle":"No","motorbike":"No","animal_cart":"No","computer":"No"},{"hh_id":37300,"ind_id":"mostly69-6dde-4f92-9dc6-0c8702b4e3fd","psu":374,"strata":"Salima Rural","weight":0.80403333,"d_cm":1,"d_nutr":1.0,"d_satt":0,"d_educ":0,"d_elct":1,"d_wtr":0,"d_sani":1,"d_hsg":1,"d_ckfl":1,"d_asst":0,"sex":"Male","agec7":"18-59","hhsize":3,"area":"rural","region":"Salima","eduyears":1,"no_missing_edu":1,"attendance":"not currently attending","no_missing_atten":1,"child_eligible":0,"underweight":null,"stunting":null,"wasting":null,"child_mortality":1.0,"toilet":"PIT LATRINE: PIT LATRINE WITH SLAB","shared_toilet":"YES","water":"TUBE WELL \/ BOREHOLE","floor":"EARTH \/ SAND","wall":"BRICKS (BURNT)","roof":"THATCH \/ PALM LEAF","cookingfuel":"CHARCOAL","television":"No","radio":"Yes","telephone":"Yes","refrigerator":"No","car":"No","bicycle":"No","motorbike":"No","animal_cart":"No","computer":"No"},{"hh_id":46918,"ind_id":"mostlyc3-c748-44ab-983d-9f9eae0faafe","psu":465,"strata":"Mchinji Rural","weight":0.88493877,"d_cm":0,"d_nutr":0.0,"d_satt":0,"d_educ":1,"d_elct":1,"d_wtr":0,"d_sani":1,"d_hsg":1,"d_ckfl":1,"d_asst":1,"sex":"Female","agec7":"15-17","hhsize":2,"area":"rural","region":"Mchinji","eduyears":5,"no_missing_edu":1,"attendance":"currently attending","no_missing_atten":1,"child_eligible":0,"underweight":null,"stunting":null,"wasting":null,"child_mortality":0.0,"toilet":"PIT LATRINE: PIT LATRINE WITH SLAB","shared_toilet":"YES","water":"TUBE WELL \/ BOREHOLE","floor":"EARTH \/ SAND","wall":"BRICKS (BURNT)","roof":"WOOD PLANKS","cookingfuel":"WOOD","television":"No","radio":"No","telephone":"No","refrigerator":"No","car":"No","bicycle":"Yes","motorbike":"No","animal_cart":"No","computer":"No"},{"hh_id":29708,"ind_id":"mostlyb4-87d9-49d2-9203-3936d4e505fa","psu":292,"strata":"Ntchisi Rural","weight":0.23750061,"d_cm":0,"d_nutr":0.0,"d_satt":0,"d_educ":1,"d_elct":0,"d_wtr":0,"d_sani":0,"d_hsg":0,"d_ckfl":1,"d_asst":1,"sex":"Female","agec7":"10-14","hhsize":3,"area":"rural","region":"Ntchisi","eduyears":0,"no_missing_edu":1,"attendance":"currently attending","no_missing_atten":1,"child_eligible":0,"underweight":null,"stunting":null,"wasting":null,"child_mortality":0.0,"toilet":"PIT LATRINE: PIT LATRINE WITH SLAB","shared_toilet":"0.0","water":"TUBE WELL \/ BOREHOLE","floor":"CEMENT","wall":"BRICKS (BURNT)","roof":"IRON SHEETS \/ METAL \/ TIN","cookingfuel":"WOOD","television":"No","radio":"No","telephone":"No","refrigerator":"No","car":"No","bicycle":"No","motorbike":"No","animal_cart":"Yes","computer":"No"},{"hh_id":55047,"ind_id":"mostly26-3f9f-4fdf-9d9b-b481eb464a77","psu":550,"strata":"Ntcheu Rural","weight":0.63103927,"d_cm":0,"d_nutr":0.0,"d_satt":0,"d_educ":0,"d_elct":1,"d_wtr":0,"d_sani":1,"d_hsg":1,"d_ckfl":1,"d_asst":1,"sex":"Female","agec7":"18-59","hhsize":3,"area":"rural","region":"Ntcheu","eduyears":5,"no_missing_edu":1,"attendance":"not currently attending","no_missing_atten":1,"child_eligible":0,"underweight":null,"stunting":null,"wasting":null,"child_mortality":null,"toilet":"PIT LATRINE: VENTILATED IMPROVED PIT LATRINE","shared_toilet":"YES","water":"PIPED WATER: PUBLIC TAP \/ STANDPIPE","floor":"EARTH \/ SAND","wall":"CEMENT BLOCKS","roof":"IRON SHEETS \/ METAL \/ TIN","cookingfuel":"WOOD","television":"No","radio":"No","telephone":"No","refrigerator":"No","car":"No","bicycle":"No","motorbike":"No","animal_cart":"No","computer":"No"},{"hh_id":44325,"ind_id":"mostly61-776e-4876-85bf-570a18410c9c","psu":457,"strata":"Mchinji Rural","weight":0.41755291,"d_cm":0,"d_nutr":0.0,"d_satt":0,"d_educ":0,"d_elct":1,"d_wtr":1,"d_sani":1,"d_hsg":1,"d_ckfl":1,"d_asst":0,"sex":"Male","agec7":"18-59","hhsize":6,"area":"rural","region":"Mchinji","eduyears":5,"no_missing_edu":1,"attendance":"not currently attending","no_missing_atten":1,"child_eligible":0,"underweight":null,"stunting":null,"wasting":null,"child_mortality":0.0,"toilet":"PIT LATRINE: PIT LATRINE WITHOUT SLAB \/ OPEN PIT","shared_toilet":"YES","water":"TUBE WELL \/ BOREHOLE","floor":"EARTH \/ SAND","wall":"BRICKS (BURNT)","roof":"THATCH \/ PALM LEAF","cookingfuel":"WOOD","television":"No","radio":"Yes","telephone":"Yes","refrigerator":"No","car":"No","bicycle":"Yes","motorbike":"No","animal_cart":"No","computer":"No"},{"hh_id":40138,"ind_id":"mostly58-52df-4fc8-8d33-1e0fba97d153","psu":400,"strata":"Salima Rural","weight":0.53258,"d_cm":0,"d_nutr":0.0,"d_satt":0,"d_educ":0,"d_elct":1,"d_wtr":0,"d_sani":0,"d_hsg":0,"d_ckfl":1,"d_asst":1,"sex":"Female","agec7":"0-4","hhsize":6,"area":"rural","region":"Salima","eduyears":0,"no_missing_edu":1,"attendance":"not currently attending","no_missing_atten":1,"child_eligible":1,"underweight":0.0,"stunting":0.0,"wasting":0.0,"child_mortality":0.0,"toilet":"PIT LATRINE: PIT LATRINE WITH SLAB","shared_toilet":"0.0","water":"DUG WELL: PROTECTED WELL","floor":"CEMENT","wall":"BRICKS (BURNT)","roof":"IRON SHEETS \/ METAL \/ TIN","cookingfuel":"WOOD","television":"No","radio":"No","telephone":"No","refrigerator":"No","car":"No","bicycle":"Yes","motorbike":"No","animal_cart":"No","computer":"No"},{"hh_id":36743,"ind_id":"mostlyfd-165a-4461-bbe3-a787f077f2cd","psu":368,"strata":"Dowa Rural","weight":1.63167602,"d_cm":0,"d_nutr":0.0,"d_satt":0,"d_educ":0,"d_elct":1,"d_wtr":1,"d_sani":0,"d_hsg":0,"d_ckfl":1,"d_asst":0,"sex":"Male","agec7":"10-14","hhsize":6,"area":"rural","region":"Dowa","eduyears":3,"no_missing_edu":1,"attendance":"currently attending","no_missing_atten":1,"child_eligible":0,"underweight":null,"stunting":null,"wasting":null,"child_mortality":3.0,"toilet":"PIT LATRINE: PIT LATRINE WITH SLAB","shared_toilet":"0.0","water":"TUBE WELL \/ BOREHOLE","floor":"CEMENT","wall":"BRICKS (BURNT)","roof":"IRON SHEETS \/ METAL \/ TIN","cookingfuel":"WOOD","television":"No","radio":"Yes","telephone":"Yes","refrigerator":"No","car":"No","bicycle":"No","motorbike":"Yes","animal_cart":"No","computer":"No"},{"hh_id":19329,"ind_id":"mostly24-a0f6-4fd3-8f3c-fc866bae7263","psu":193,"strata":"Likoma Rural","weight":0.02523369,"d_cm":0,"d_nutr":0.0,"d_satt":0,"d_educ":0,"d_elct":1,"d_wtr":0,"d_sani":0,"d_hsg":0,"d_ckfl":1,"d_asst":0,"sex":"Female","agec7":"18-59","hhsize":4,"area":"rural","region":"Likoma","eduyears":10,"no_missing_edu":1,"attendance":"not currently attending","no_missing_atten":1,"child_eligible":0,"underweight":null,"stunting":null,"wasting":null,"child_mortality":0.0,"toilet":"PIT LATRINE: PIT LATRINE WITH SLAB","shared_toilet":"0.0","water":"PIPED WATER: PIPED TO NEIGHBOUR","floor":"CEMENT","wall":"COVERED ADOBE","roof":"IRON SHEETS \/ METAL \/ TIN","cookingfuel":"CHARCOAL","television":"No","radio":"No","telephone":"Yes","refrigerator":"No","car":"No","bicycle":"Yes","motorbike":"No","animal_cart":"No","computer":"No"},{"hh_id":96813,"ind_id":"mostly62-e5ca-474c-b6e7-3474be95334f","psu":963,"strata":"Nsanje Rural","weight":0.2923175,"d_cm":0,"d_nutr":0.0,"d_satt":0,"d_educ":0,"d_elct":1,"d_wtr":0,"d_sani":1,"d_hsg":1,"d_ckfl":1,"d_asst":1,"sex":"Male","agec7":"5-9","hhsize":5,"area":"rural","region":"Nsanje","eduyears":0,"no_missing_edu":1,"attendance":"not currently attending","no_missing_atten":1,"child_eligible":0,"underweight":null,"stunting":null,"wasting":null,"child_mortality":0.0,"toilet":"HANGING TOILET \/ HANGING LATRINE","shared_toilet":"0.0","water":"TUBE WELL \/ BOREHOLE","floor":"EARTH \/ SAND","wall":"UNCOVERED ADOBE (UNBURNT BRICKS)","roof":"THATCH \/ PALM LEAF","cookingfuel":"WOOD","television":"No","radio":"No","telephone":"Yes","refrigerator":"No","car":"No","bicycle":"No","motorbike":"No","animal_cart":"No","computer":"No"},{"hh_id":87594,"ind_id":"mostly4a-6458-46a1-9b17-35a9dbed1db6","psu":878,"strata":"Mulanje Urban","weight":0.3705761,"d_cm":0,"d_nutr":1.0,"d_satt":0,"d_educ":0,"d_elct":1,"d_wtr":0,"d_sani":0,"d_hsg":0,"d_ckfl":1,"d_asst":1,"sex":"Male","agec7":"0-4","hhsize":3,"area":"urban","region":"Mulange","eduyears":0,"no_missing_edu":1,"attendance":"not currently attending","no_missing_atten":1,"child_eligible":1,"underweight":0.0,"stunting":1.0,"wasting":0.0,"child_mortality":0.0,"toilet":"PIT LATRINE: PIT LATRINE WITH SLAB","shared_toilet":"0.0","water":"PIPED WATER: PUBLIC TAP \/ STANDPIPE","floor":"CEMENT","wall":"BRICKS (BURNT)","roof":"IRON SHEETS \/ METAL \/ TIN","cookingfuel":"CHARCOAL","television":"No","radio":"No","telephone":"Yes","refrigerator":"No","car":"No","bicycle":"No","motorbike":"No","animal_cart":"No","computer":"No"},{"hh_id":19183,"ind_id":"mostly86-9423-4f4f-9b8a-28a5b854bbcf","psu":190,"strata":"Likoma Rural","weight":0.017453,"d_cm":0,"d_nutr":0.0,"d_satt":0,"d_educ":0,"d_elct":1,"d_wtr":0,"d_sani":0,"d_hsg":1,"d_ckfl":1,"d_asst":0,"sex":"Female","agec7":"18-59","hhsize":5,"area":"rural","region":"Likoma","eduyears":12,"no_missing_edu":1,"attendance":"not currently attending","no_missing_atten":1,"child_eligible":0,"underweight":null,"stunting":null,"wasting":null,"child_mortality":0.0,"toilet":"PIT LATRINE: PIT LATRINE WITH SLAB","shared_toilet":"0.0","water":"PIPED WATER: PIPED TO YARD \/ PLOT","floor":"EARTH \/ SAND","wall":"UNCOVERED ADOBE (UNBURNT BRICKS)","roof":"IRON SHEETS \/ METAL \/ TIN","cookingfuel":"CHARCOAL","television":"No","radio":"Yes","telephone":"Yes","refrigerator":"No","car":"No","bicycle":"No","motorbike":"No","animal_cart":"No","computer":"No"},{"hh_id":63383,"ind_id":"mostlyda-c38b-4610-a5ac-c4a2f0128443","psu":640,"strata":"Machinga Rural","weight":1.60788861,"d_cm":0,"d_nutr":0.0,"d_satt":0,"d_educ":0,"d_elct":1,"d_wtr":0,"d_sani":0,"d_hsg":1,"d_ckfl":1,"d_asst":0,"sex":"Female","agec7":"10-14","hhsize":6,"area":"rural","region":"Machinga","eduyears":0,"no_missing_edu":1,"attendance":"currently attending","no_missing_atten":1,"child_eligible":0,"underweight":null,"stunting":null,"wasting":null,"child_mortality":0.0,"toilet":"PIT LATRINE: PIT LATRINE WITH SLAB","shared_toilet":"0.0","water":"TUBE WELL \/ BOREHOLE","floor":"EARTH \/ SAND","wall":"BRICKS (BURNT)","roof":"IRON SHEETS \/ METAL \/ TIN","cookingfuel":"WOOD","television":"No","radio":"Yes","telephone":"No","refrigerator":"No","car":"No","bicycle":"Yes","motorbike":"Yes","animal_cart":"No","computer":"No"},{"hh_id":15910,"ind_id":"mostly47-8674-4ab2-bdd5-e91f4a61074d","psu":152,"strata":"Rumphi Urban","weight":0.03588156,"d_cm":0,"d_nutr":null,"d_satt":0,"d_educ":0,"d_elct":0,"d_wtr":0,"d_sani":1,"d_hsg":0,"d_ckfl":1,"d_asst":0,"sex":"Male","agec7":"18-59","hhsize":6,"area":"urban","region":"Rumphi","eduyears":12,"no_missing_edu":1,"attendance":"not currently attending","no_missing_atten":1,"child_eligible":0,"underweight":null,"stunting":null,"wasting":null,"child_mortality":0.0,"toilet":"PIT LATRINE: PIT LATRINE WITH SLAB","shared_toilet":"YES","water":"PIPED WATER: PIPED TO YARD \/ PLOT","floor":"CEMENT","wall":"STONE WITH LIME \/ CEMENT","roof":"IRON SHEETS \/ METAL \/ TIN","cookingfuel":"CHARCOAL","television":"Yes","radio":"No","telephone":"Yes","refrigerator":"Yes","car":"No","bicycle":"Yes","motorbike":"Yes","animal_cart":"No","computer":"No"}]