[{"hh_id":18824,"psu":188,"strata":"Likoma Rural","weight":0.08658112,"d_cm":0,"d_nutr":0,"d_satt":0,"d_educ":0,"d_elct":0,"d_sani":1,"d_wtr":0,"d_hsg":0,"d_ckfl":1,"d_asst":0,"sex":"Male","agec7":"18-59","hhsize":6,"region":"Likoma","area":"rural"},{"hh_id":26366,"psu":265,"strata":"Nkhotakota Rural","weight":1.0868053,"d_cm":0,"d_nutr":0,"d_satt":0,"d_educ":1,"d_elct":1,"d_sani":1,"d_wtr":0,"d_hsg":1,"d_ckfl":1,"d_asst":1,"sex":"Male","agec7":"0-4","hhsize":7,"region":"Nkhotakota","area":"rural"},{"hh_id":30331,"psu":310,"strata":"Ntchisi Rural","weight":0.25138996,"d_cm":0,"d_nutr":0,"d_satt":0,"d_educ":0,"d_elct":1,"d_sani":0,"d_wtr":0,"d_hsg":1,"d_ckfl":1,"d_asst":0,"sex":"Female","agec7":"18-59","hhsize":5,"region":"Ntchisi","area":"rural"},{"hh_id":54836,"psu":540,"strata":"Ntcheu Rural","weight":0.62547297,"d_cm":0,"d_nutr":1,"d_satt":0,"d_educ":0,"d_elct":1,"d_sani":0,"d_wtr":0,"d_hsg":1,"d_ckfl":1,"d_asst":0,"sex":"Male","agec7":"0-4","hhsize":3,"region":"Ntcheu","area":"rural"},{"hh_id":48049,"psu":479,"strata":"Mchinji Rural","weight":0.46168615,"d_cm":0,"d_nutr":1,"d_satt":0,"d_educ":0,"d_elct":1,"d_sani":0,"d_wtr":0,"d_hsg":1,"d_ckfl":1,"d_asst":1,"sex":"Female","agec7":"0-4","hhsize":11,"region":"Mchinji","area":"rural"},{"hh_id":3791,"psu":42,"strata":"Chitipa Urban","weight":0.2348218,"d_cm":0,"d_nutr":0,"d_satt":0,"d_educ":0,"d_elct":0,"d_sani":0,"d_wtr":0,"d_hsg":1,"d_ckfl":1,"d_asst":0,"sex":"Female","agec7":"10-14","hhsize":7,"region":"Chitipa","area":"urban"},{"hh_id":109367,"psu":1089,"strata":"Blantyre City","weight":2.58541488,"d_cm":0,"d_nutr":0,"d_satt":0,"d_educ":1,"d_elct":0,"d_sani":1,"d_wtr":1,"d_hsg":0,"d_ckfl":1,"d_asst":0,"sex":"Female","agec7":"18-59","hhsize":2,"region":"Blantyre","area":"urban"},{"hh_id":14103,"psu":151,"strata":"Rumphi Rural","weight":0.18367358,"d_cm":0,"d_nutr":0,"d_satt":0,"d_educ":0,"d_elct":1,"d_sani":1,"d_wtr":1,"d_hsg":0,"d_ckfl":1,"d_asst":0,"sex":"Male","agec7":"18-59","hhsize":5,"region":"Rumphi","area":"rural"},{"hh_id":86847,"psu":868,"strata":"Mulanje Rural","weight":0.94013022,"d_cm":1,"d_nutr":0,"d_satt":0,"d_educ":0,"d_elct":1,"d_sani":1,"d_wtr":0,"d_hsg":1,"d_ckfl":1,"d_asst":0,"sex":"Female","agec7":"18-59","hhsize":4,"region":"Mulange","area":"rural"},{"hh_id":92677,"psu":928,"strata":"Chikwawa Rural","weight":0.52524257,"d_cm":0,"d_nutr":0,"d_satt":1,"d_educ":0,"d_elct":0,"d_sani":1,"d_wtr":0,"d_hsg":1,"d_ckfl":1,"d_asst":0,"sex":"Female","agec7":"18-59","hhsize":7,"region":"Chikwawa","area":"rural"},{"hh_id":106211,"psu":1059,"strata":"Neno Rural","weight":0.20307231,"d_cm":0,"d_nutr":1,"d_satt":0,"d_educ":0,"d_elct":1,"d_sani":0,"d_wtr":1,"d_hsg":0,"d_ckfl":1,"d_asst":0,"sex":"Female","agec7":"5-9","hhsize":6,"region":"Neno","area":"rural"},{"hh_id":38804,"psu":384,"strata":"Salima Rural","weight":0.68986753,"d_cm":0,"d_nutr":1,"d_satt":0,"d_educ":0,"d_elct":1,"d_sani":0,"d_wtr":0,"d_hsg":0,"d_ckfl":1,"d_asst":0,"sex":"Female","agec7":"18-59","hhsize":7,"region":"Salima","area":"rural"},{"hh_id":28417,"psu":291,"strata":"Nkhotakota Rural","weight":0.63900617,"d_cm":0,"d_nutr":1,"d_satt":0,"d_educ":0,"d_elct":1,"d_sani":1,"d_wtr":1,"d_hsg":1,"d_ckfl":1,"d_asst":0,"sex":"Male","agec7":"0-4","hhsize":4,"region":"Nkhotakota","area":"rural"},{"hh_id":45458,"psu":461,"strata":"Mchinji Rural","weight":0.64009786,"d_cm":0,"d_nutr":0,"d_satt":0,"d_educ":0,"d_elct":1,"d_sani":1,"d_wtr":1,"d_hsg":1,"d_ckfl":1,"d_asst":1,"sex":"Female","agec7":"10-14","hhsize":7,"region":"Mchinji","area":"rural"},{"hh_id":103442,"psu":1036,"strata":"Balaka Urban","weight":0.52915864,"d_cm":0,"d_nutr":0,"d_satt":0,"d_educ":0,"d_elct":1,"d_sani":0,"d_wtr":0,"d_hsg":0,"d_ckfl":1,"d_asst":0,"sex":"Female","agec7":"15-17","hhsize":12,"region":"Balaka","area":"urban"},{"hh_id":55934,"psu":561,"strata":"Ntcheu Rural","weight":0.68516148,"d_cm":0,"d_nutr":1,"d_satt":0,"d_educ":0,"d_elct":1,"d_sani":1,"d_wtr":1,"d_hsg":1,"d_ckfl":1,"d_asst":1,"sex":"Female","agec7":"18-59","hhsize":3,"region":"Ntcheu","area":"rural"},{"hh_id":39891,"psu":402,"strata":"Salima Rural","weight":0.99090634,"d_cm":0,"d_nutr":0,"d_satt":0,"d_educ":0,"d_elct":1,"d_sani":1,"d_wtr":0,"d_hsg":1,"d_ckfl":1,"d_asst":1,"sex":"Female","agec7":"18-59","hhsize":6,"region":"Salima","area":"rural"},{"hh_id":18594,"psu":188,"strata":"Mzuzu City","weight":1.25072317,"d_cm":0,"d_nutr":0,"d_satt":0,"d_educ":0,"d_elct":1,"d_sani":1,"d_wtr":0,"d_hsg":1,"d_ckfl":1,"d_asst":0,"sex":"Male","agec7":"15-17","hhsize":2,"region":"Mzimba","area":"urban"},{"hh_id":45877,"psu":456,"strata":"Mchinji Rural","weight":0.80224497,"d_cm":0,"d_nutr":0,"d_satt":0,"d_educ":0,"d_elct":0,"d_sani":0,"d_wtr":0,"d_hsg":1,"d_ckfl":1,"d_asst":0,"sex":"Female","agec7":"18-59","hhsize":5,"region":"Mchinji","area":"rural"},{"hh_id":78693,"psu":793,"strata":"Mwanza Rural","weight":0.30303506,"d_cm":0,"d_nutr":0,"d_satt":0,"d_educ":0,"d_elct":1,"d_sani":0,"d_wtr":0,"d_hsg":1,"d_ckfl":1,"d_asst":0,"sex":"Male","agec7":"18-59","hhsize":8,"region":"Mwanza","area":"rural"}]