[{"hh_id":41961,"ind_id":"mostlyb0-8d2e-4f43-9e98-b74f762cd96d","psu":415,"strata":"Lilongwe Rural","weight":6.71123732,"d_cm":0,"d_nutr":0.0,"d_satt":0,"d_educ":1,"d_elct":1,"d_sani":1,"d_wtr":0,"d_hsg":1,"d_ckfl":1,"d_asst":1,"sex":"Male","agec7":"60+","hhsize":2,"region":"Lilongwe","area":"rural"},{"hh_id":77759,"ind_id":"mostly09-2c6b-4aaa-9534-a0deea29c107","psu":780,"strata":"Mwanza Rural","weight":0.28504661,"d_cm":0,"d_nutr":0.0,"d_satt":0,"d_educ":1,"d_elct":1,"d_sani":1,"d_wtr":0,"d_hsg":0,"d_ckfl":1,"d_asst":1,"sex":"Female","agec7":"5-9","hhsize":6,"region":"Mwanza","area":"rural"},{"hh_id":28624,"ind_id":"mostly2b-3580-42c1-8764-b358020d8688","psu":283,"strata":"Nkhotakota Rural","weight":0.78860573,"d_cm":0,"d_nutr":0.0,"d_satt":0,"d_educ":1,"d_elct":1,"d_sani":0,"d_wtr":1,"d_hsg":1,"d_ckfl":1,"d_asst":1,"sex":"Female","agec7":"18-59","hhsize":5,"region":"Nkhotakota","area":"rural"},{"hh_id":94603,"ind_id":"mostly64-2e6c-438e-a1e0-ccec4c54b468","psu":947,"strata":"Chikwawa Rural","weight":1.09677224,"d_cm":0,"d_nutr":0.0,"d_satt":0,"d_educ":0,"d_elct":0,"d_sani":1,"d_wtr":0,"d_hsg":1,"d_ckfl":1,"d_asst":0,"sex":"Female","agec7":"18-59","hhsize":5,"region":"Chikwawa","area":"rural"},{"hh_id":17331,"ind_id":"mostlyf7-9533-4def-a8ff-7827c4e7712e","psu":186,"strata":"Mzimba Rural","weight":1.40973669,"d_cm":0,"d_nutr":0.0,"d_satt":1,"d_educ":0,"d_elct":1,"d_sani":1,"d_wtr":1,"d_hsg":1,"d_ckfl":1,"d_asst":1,"sex":"Female","agec7":"10-14","hhsize":5,"region":"Mzimba","area":"rural"},{"hh_id":75621,"ind_id":"mostly0b-2da3-480c-9f62-ae97040f7438","psu":756,"strata":"Mwanza Rural","weight":0.23946615,"d_cm":0,"d_nutr":0.0,"d_satt":0,"d_educ":0,"d_elct":1,"d_sani":0,"d_wtr":1,"d_hsg":1,"d_ckfl":1,"d_asst":1,"sex":"Female","agec7":"5-9","hhsize":3,"region":"Mwanza","area":"rural"},{"hh_id":20748,"ind_id":"mostly2c-abc1-4428-a479-34dd06332771","psu":216,"strata":"Mzuzu City","weight":0.91143447,"d_cm":0,"d_nutr":1.0,"d_satt":0,"d_educ":0,"d_elct":1,"d_sani":0,"d_wtr":0,"d_hsg":0,"d_ckfl":1,"d_asst":0,"sex":"Male","agec7":"18-59","hhsize":12,"region":"Mzimba","area":"urban"},{"hh_id":25811,"ind_id":"mostly34-0fbf-42fa-a652-faf3052b54ea","psu":256,"strata":"Nkhotakota Rural","weight":1.22564935,"d_cm":0,"d_nutr":null,"d_satt":1,"d_educ":0,"d_elct":1,"d_sani":0,"d_wtr":0,"d_hsg":1,"d_ckfl":1,"d_asst":0,"sex":"Male","agec7":"15-17","hhsize":13,"region":"Nkhotakota","area":"rural"},{"hh_id":104166,"ind_id":"mostlyce-68a1-40e1-9ce1-fc52a5c19c73","psu":1032,"strata":"Neno Rural","weight":0.14767766,"d_cm":0,"d_nutr":0.0,"d_satt":0,"d_educ":0,"d_elct":0,"d_sani":0,"d_wtr":1,"d_hsg":0,"d_ckfl":1,"d_asst":0,"sex":"Female","agec7":"18-59","hhsize":5,"region":"Neno","area":"rural"},{"hh_id":36738,"ind_id":"mostlya4-eae7-4095-a8c5-268183d3819a","psu":359,"strata":"Dowa Rural","weight":1.93830332,"d_cm":0,"d_nutr":0.0,"d_satt":0,"d_educ":1,"d_elct":1,"d_sani":1,"d_wtr":1,"d_hsg":1,"d_ckfl":1,"d_asst":1,"sex":"Female","agec7":"10-14","hhsize":3,"region":"Dowa","area":"rural"},{"hh_id":23176,"ind_id":"mostly7b-727b-4a38-8863-1b0ea917c812","psu":231,"strata":"Kasungu Rural","weight":0.8513832,"d_cm":0,"d_nutr":0.0,"d_satt":0,"d_educ":1,"d_elct":0,"d_sani":0,"d_wtr":0,"d_hsg":0,"d_ckfl":1,"d_asst":0,"sex":"Female","agec7":"0-4","hhsize":6,"region":"Kasungu","area":"rural"},{"hh_id":78300,"ind_id":"mostly71-4220-465f-a890-bba43176b7a1","psu":779,"strata":"Mwanza Rural","weight":0.38132117,"d_cm":0,"d_nutr":1.0,"d_satt":0,"d_educ":1,"d_elct":1,"d_sani":1,"d_wtr":1,"d_hsg":1,"d_ckfl":1,"d_asst":1,"sex":"Female","agec7":"0-4","hhsize":4,"region":"Mwanza","area":"rural"},{"hh_id":99378,"ind_id":"mostly6a-b546-4541-a7ea-7013d999d0c1","psu":990,"strata":"Nsanje Urban","weight":0.52053841,"d_cm":0,"d_nutr":0.0,"d_satt":1,"d_educ":0,"d_elct":1,"d_sani":1,"d_wtr":1,"d_hsg":1,"d_ckfl":1,"d_asst":1,"sex":"Female","agec7":"10-14","hhsize":8,"region":"Nsanje","area":"urban"},{"hh_id":5175,"ind_id":"mostly58-b613-4197-bd14-a8a3b733fa49","psu":48,"strata":"Karonga Rural","weight":0.44736427,"d_cm":0,"d_nutr":0.0,"d_satt":0,"d_educ":0,"d_elct":1,"d_sani":1,"d_wtr":0,"d_hsg":0,"d_ckfl":1,"d_asst":0,"sex":"Male","agec7":"18-59","hhsize":5,"region":"Karonga","area":"rural"},{"hh_id":38578,"ind_id":"mostly7b-d3f5-49d0-98ae-72d603ec0663","psu":394,"strata":"Salima Rural","weight":0.8480186,"d_cm":0,"d_nutr":1.0,"d_satt":0,"d_educ":1,"d_elct":1,"d_sani":1,"d_wtr":1,"d_hsg":1,"d_ckfl":1,"d_asst":1,"sex":"Female","agec7":"10-14","hhsize":6,"region":"Salima","area":"rural"},{"hh_id":108209,"ind_id":"mostlyf3-3052-46d5-98ad-aaff512773f9","psu":1087,"strata":"Blantyre City","weight":1.6867897,"d_cm":0,"d_nutr":1.0,"d_satt":0,"d_educ":0,"d_elct":0,"d_sani":1,"d_wtr":0,"d_hsg":0,"d_ckfl":1,"d_asst":0,"sex":"Male","agec7":"0-4","hhsize":3,"region":"Blantyre","area":"urban"},{"hh_id":10402,"ind_id":"mostlyc9-d9d1-4c53-8454-63248f4b8d8a","psu":101,"strata":"Nkhata Bay Rural","weight":0.37437958,"d_cm":0,"d_nutr":0.0,"d_satt":0,"d_educ":0,"d_elct":1,"d_sani":1,"d_wtr":0,"d_hsg":0,"d_ckfl":1,"d_asst":1,"sex":"Female","agec7":"0-4","hhsize":4,"region":"Nkhata Bay","area":"rural"},{"hh_id":69727,"ind_id":"mostly87-6600-476e-b269-b6b7bc75fbb1","psu":699,"strata":"Zomba  Rural","weight":1.60331015,"d_cm":0,"d_nutr":1.0,"d_satt":0,"d_educ":1,"d_elct":0,"d_sani":1,"d_wtr":1,"d_hsg":1,"d_ckfl":1,"d_asst":1,"sex":"Female","agec7":"18-59","hhsize":4,"region":"Zomba","area":"rural"},{"hh_id":22788,"ind_id":"mostlyfb-b84f-4a31-a772-6090be039d28","psu":217,"strata":"Kasungu Rural","weight":0.83099219,"d_cm":0,"d_nutr":0.0,"d_satt":0,"d_educ":0,"d_elct":1,"d_sani":1,"d_wtr":1,"d_hsg":1,"d_ckfl":1,"d_asst":1,"sex":"Female","agec7":"18-59","hhsize":3,"region":"Kasungu","area":"rural"},{"hh_id":106208,"ind_id":"mostly0e-e63c-4cfa-8a4e-14120406567c","psu":1060,"strata":"Neno Rural","weight":0.13303334,"d_cm":0,"d_nutr":0.0,"d_satt":0,"d_educ":1,"d_elct":0,"d_sani":0,"d_wtr":1,"d_hsg":0,"d_ckfl":1,"d_asst":0,"sex":"Male","agec7":"5-9","hhsize":3,"region":"Neno","area":"rural"}]