[{"hh_id":"mostlyf2-98fe-4075-a27e-846174df4889","psu":126,"strata":"Rumphi Rural","weight":0.33091979,"d_cm":null,"d_nutr":0.0,"d_satt":0,"d_educ":0,"d_elct":1,"d_sani":0,"d_wtr":0,"d_hsg":null,"d_ckfl":1,"d_asst":1,"sex_Male":2,"sex_Female":4,"agec7_0-4":1,"agec7_5-9":1,"agec7_10-14":1,"agec7_15-17":1,"agec7_18-59":2,"agec7_60+":0,"hhsize":6,"region":"Rumphi","area":"rural"},{"hh_id":"mostly69-95ad-459a-bb9e-92f5af0af940","psu":1105,"strata":"Blantyre City","weight":1.06558178,"d_cm":0.0,"d_nutr":0.0,"d_satt":0,"d_educ":0,"d_elct":0,"d_sani":1,"d_wtr":0,"d_hsg":0.0,"d_ckfl":0,"d_asst":0,"sex_Male":4,"sex_Female":0,"agec7_0-4":0,"agec7_5-9":0,"agec7_10-14":0,"agec7_15-17":0,"agec7_18-59":2,"agec7_60+":0,"hhsize":4,"region":"Blantyre","area":"urban"},{"hh_id":"mostly32-a20f-4f2e-bede-433d614d45db","psu":577,"strata":"Lilongwe City","weight":3.30397235,"d_cm":1.0,"d_nutr":1.0,"d_satt":0,"d_educ":0,"d_elct":1,"d_sani":1,"d_wtr":0,"d_hsg":null,"d_ckfl":1,"d_asst":1,"sex_Male":2,"sex_Female":1,"agec7_0-4":1,"agec7_5-9":1,"agec7_10-14":0,"agec7_15-17":0,"agec7_18-59":2,"agec7_60+":0,"hhsize":3,"region":"Lilongwe","area":"urban"},{"hh_id":"mostlye5-ea8a-48b7-8f50-f5d9c17c6bb2","psu":273,"strata":"Nkhotakota Rural","weight":0.51986804,"d_cm":0.0,"d_nutr":0.0,"d_satt":0,"d_educ":0,"d_elct":1,"d_sani":0,"d_wtr":1,"d_hsg":null,"d_ckfl":1,"d_asst":0,"sex_Male":5,"sex_Female":2,"agec7_0-4":1,"agec7_5-9":1,"agec7_10-14":2,"agec7_15-17":1,"agec7_18-59":3,"agec7_60+":0,"hhsize":7,"region":"Nkhotakota","area":"rural"},{"hh_id":"mostlyc5-f255-42ed-8c5b-f42a82aae437","psu":855,"strata":"Mulanje Rural","weight":0.5604752,"d_cm":0.0,"d_nutr":0.0,"d_satt":0,"d_educ":0,"d_elct":1,"d_sani":0,"d_wtr":0,"d_hsg":null,"d_ckfl":1,"d_asst":1,"sex_Male":3,"sex_Female":2,"agec7_0-4":0,"agec7_5-9":1,"agec7_10-14":2,"agec7_15-17":0,"agec7_18-59":2,"agec7_60+":0,"hhsize":5,"region":"Mulange","area":"rural"},{"hh_id":"mostlyd3-3d36-4227-83d1-82b32375662e","psu":1063,"strata":"Neno Rural","weight":0.27128467,"d_cm":0.0,"d_nutr":0.0,"d_satt":0,"d_educ":1,"d_elct":1,"d_sani":0,"d_wtr":1,"d_hsg":null,"d_ckfl":1,"d_asst":1,"sex_Male":1,"sex_Female":1,"agec7_0-4":0,"agec7_5-9":0,"agec7_10-14":1,"agec7_15-17":0,"agec7_18-59":0,"agec7_60+":1,"hhsize":2,"region":"Neno","area":"rural"},{"hh_id":"mostlyfc-a538-42e8-8e38-ad4534de0c32","psu":195,"strata":"Likoma Rural","weight":0.02655127,"d_cm":0.0,"d_nutr":1.0,"d_satt":0,"d_educ":0,"d_elct":1,"d_sani":1,"d_wtr":0,"d_hsg":0.0,"d_ckfl":1,"d_asst":1,"sex_Male":6,"sex_Female":2,"agec7_0-4":1,"agec7_5-9":0,"agec7_10-14":2,"agec7_15-17":1,"agec7_18-59":3,"agec7_60+":1,"hhsize":8,"region":"Likoma","area":"rural"},{"hh_id":"mostly06-b75b-442b-866a-43e52aa74649","psu":1022,"strata":"Balaka Rural","weight":0.58295855,"d_cm":0.0,"d_nutr":0.0,"d_satt":0,"d_educ":1,"d_elct":1,"d_sani":1,"d_wtr":0,"d_hsg":null,"d_ckfl":1,"d_asst":0,"sex_Male":3,"sex_Female":2,"agec7_0-4":2,"agec7_5-9":1,"agec7_10-14":0,"agec7_15-17":0,"agec7_18-59":2,"agec7_60+":0,"hhsize":5,"region":"Balaka","area":"rural"},{"hh_id":"mostly66-2a84-46e9-81c1-11a3d9d25a55","psu":191,"strata":"Likoma Rural","weight":0.0256692,"d_cm":0.0,"d_nutr":0.0,"d_satt":0,"d_educ":0,"d_elct":0,"d_sani":0,"d_wtr":0,"d_hsg":0.0,"d_ckfl":1,"d_asst":0,"sex_Male":3,"sex_Female":1,"agec7_0-4":0,"agec7_5-9":0,"agec7_10-14":1,"agec7_15-17":1,"agec7_18-59":3,"agec7_60+":0,"hhsize":4,"region":"Likoma","area":"rural"},{"hh_id":"mostlyfd-ed26-40e6-a3eb-1b77d0d1d9fa","psu":721,"strata":"Chiradzulu Rural","weight":0.42061022,"d_cm":null,"d_nutr":0.0,"d_satt":0,"d_educ":0,"d_elct":1,"d_sani":0,"d_wtr":1,"d_hsg":null,"d_ckfl":1,"d_asst":1,"sex_Male":1,"sex_Female":1,"agec7_0-4":0,"agec7_5-9":0,"agec7_10-14":0,"agec7_15-17":0,"agec7_18-59":2,"agec7_60+":0,"hhsize":2,"region":"Chiradzulu","area":"rural"},{"hh_id":"mostlyaa-5ce6-4170-b1b5-ee9420fa105c","psu":60,"strata":"Karonga Rural","weight":0.56887268,"d_cm":0.0,"d_nutr":0.0,"d_satt":0,"d_educ":0,"d_elct":1,"d_sani":0,"d_wtr":1,"d_hsg":0.0,"d_ckfl":1,"d_asst":0,"sex_Male":3,"sex_Female":2,"agec7_0-4":1,"agec7_5-9":2,"agec7_10-14":1,"agec7_15-17":0,"agec7_18-59":2,"agec7_60+":0,"hhsize":5,"region":"Karonga","area":"rural"},{"hh_id":"mostlyd0-359a-4bb9-a9e2-7782141d835f","psu":886,"strata":"Phalombe Rural","weight":0.89135098,"d_cm":0.0,"d_nutr":0.0,"d_satt":0,"d_educ":1,"d_elct":1,"d_sani":0,"d_wtr":1,"d_hsg":null,"d_ckfl":1,"d_asst":1,"sex_Male":1,"sex_Female":4,"agec7_0-4":0,"agec7_5-9":0,"agec7_10-14":2,"agec7_15-17":1,"agec7_18-59":2,"agec7_60+":0,"hhsize":5,"region":"Phalombe","area":"rural"},{"hh_id":"mostly68-7dbb-4783-bed8-d6ae032fbe29","psu":633,"strata":"Machinga Rural","weight":0.64723117,"d_cm":0.0,"d_nutr":0.0,"d_satt":0,"d_educ":0,"d_elct":1,"d_sani":0,"d_wtr":0,"d_hsg":null,"d_ckfl":1,"d_asst":0,"sex_Male":1,"sex_Female":2,"agec7_0-4":0,"agec7_5-9":1,"agec7_10-14":0,"agec7_15-17":0,"agec7_18-59":2,"agec7_60+":0,"hhsize":3,"region":"Machinga","area":"rural"},{"hh_id":"mostlyec-c620-4c3f-97da-922d998c9ecd","psu":421,"strata":"Lilongwe Rural","weight":11.163359642,"d_cm":0.0,"d_nutr":0.0,"d_satt":1,"d_educ":1,"d_elct":1,"d_sani":0,"d_wtr":1,"d_hsg":null,"d_ckfl":1,"d_asst":0,"sex_Male":2,"sex_Female":2,"agec7_0-4":0,"agec7_5-9":0,"agec7_10-14":2,"agec7_15-17":1,"agec7_18-59":0,"agec7_60+":1,"hhsize":4,"region":"Lilongwe","area":"rural"},{"hh_id":"mostly22-8366-4b91-aadc-a7668445c1dc","psu":809,"strata":"Thyolo Rural","weight":3.10711119,"d_cm":0.0,"d_nutr":null,"d_satt":0,"d_educ":1,"d_elct":1,"d_sani":1,"d_wtr":0,"d_hsg":null,"d_ckfl":1,"d_asst":1,"sex_Male":3,"sex_Female":2,"agec7_0-4":1,"agec7_5-9":0,"agec7_10-14":0,"agec7_15-17":0,"agec7_18-59":3,"agec7_60+":0,"hhsize":5,"region":"Thyolo","area":"rural"},{"hh_id":"mostly21-c9c3-4a3c-9562-47daddc787b3","psu":570,"strata":"Lilongwe City","weight":7.14196557,"d_cm":0.0,"d_nutr":1.0,"d_satt":0,"d_educ":0,"d_elct":0,"d_sani":1,"d_wtr":0,"d_hsg":0.0,"d_ckfl":1,"d_asst":0,"sex_Male":1,"sex_Female":2,"agec7_0-4":1,"agec7_5-9":1,"agec7_10-14":0,"agec7_15-17":0,"agec7_18-59":2,"agec7_60+":0,"hhsize":3,"region":"Lilongwe","area":"urban"},{"hh_id":"mostly2c-5933-4435-9d10-51a0a3bc8491","psu":1073,"strata":"Neno Urban","weight":0.10606404,"d_cm":0.0,"d_nutr":0.0,"d_satt":0,"d_educ":0,"d_elct":1,"d_sani":1,"d_wtr":1,"d_hsg":0.0,"d_ckfl":1,"d_asst":1,"sex_Male":3,"sex_Female":3,"agec7_0-4":0,"agec7_5-9":2,"agec7_10-14":0,"agec7_15-17":1,"agec7_18-59":2,"agec7_60+":0,"hhsize":6,"region":"Neno","area":"urban"},{"hh_id":"mostlya7-648e-4a55-ad04-fa8bab339ef7","psu":299,"strata":"Nkhotakota Urban","weight":0.43725549,"d_cm":0.0,"d_nutr":0.0,"d_satt":0,"d_educ":1,"d_elct":1,"d_sani":1,"d_wtr":1,"d_hsg":null,"d_ckfl":1,"d_asst":1,"sex_Male":2,"sex_Female":2,"agec7_0-4":1,"agec7_5-9":1,"agec7_10-14":0,"agec7_15-17":0,"agec7_18-59":2,"agec7_60+":0,"hhsize":4,"region":"Nkhotakota","area":"urban"},{"hh_id":"mostly5c-3c4f-463c-935a-3ad14d59ecd3","psu":220,"strata":"Kasungu Rural","weight":1.07503361,"d_cm":0.0,"d_nutr":0.0,"d_satt":0,"d_educ":0,"d_elct":1,"d_sani":0,"d_wtr":0,"d_hsg":null,"d_ckfl":1,"d_asst":0,"sex_Male":2,"sex_Female":1,"agec7_0-4":0,"agec7_5-9":1,"agec7_10-14":0,"agec7_15-17":0,"agec7_18-59":1,"agec7_60+":0,"hhsize":3,"region":"Kasungu","area":"rural"},{"hh_id":"mostly6b-288e-4a97-a054-7f5adc7dd89c","psu":969,"strata":"Nsanje Rural","weight":0.39651356,"d_cm":0.0,"d_nutr":1.0,"d_satt":0,"d_educ":0,"d_elct":1,"d_sani":1,"d_wtr":0,"d_hsg":1.0,"d_ckfl":1,"d_asst":1,"sex_Male":4,"sex_Female":3,"agec7_0-4":2,"agec7_5-9":0,"agec7_10-14":3,"agec7_15-17":1,"agec7_18-59":2,"agec7_60+":0,"hhsize":7,"region":"Nsanje","area":"rural"}]