[{"hh_id":"mostly25-0dc2-43f7-a1eb-ebdba36b398f","psu":88,"strata":"Nkhata Bay Rural","weight":0.181897,"d_cm":0,"d_nutr":1,"d_satt":0,"d_educ":0,"d_elct":1,"d_sani":1,"d_wtr":0,"d_hsg":null,"d_ckfl":1,"d_asst":1,"sex_Male":3,"sex_Female":2,"agec7_0-4":2,"agec7_5-9":1,"agec7_10-14":0,"agec7_15-17":2,"agec7_18-59":1,"agec7_60+":1,"hhsize":7,"region":"Nkhata Bay","area":"rural"},{"hh_id":"mostlya7-6bfd-4326-a3e9-da23a051ea52","psu":504,"strata":"Dedza Rural","weight":1.43749545,"d_cm":0,"d_nutr":0,"d_satt":0,"d_educ":1,"d_elct":1,"d_sani":1,"d_wtr":1,"d_hsg":1.0,"d_ckfl":1,"d_asst":1,"sex_Male":2,"sex_Female":1,"agec7_0-4":1,"agec7_5-9":0,"agec7_10-14":0,"agec7_15-17":0,"agec7_18-59":1,"agec7_60+":0,"hhsize":3,"region":"Dedza","area":"rural"},{"hh_id":"mostlyff-fbfc-4471-b28d-a6922fcdf8bc","psu":370,"strata":"Dowa Rural","weight":1.02409695,"d_cm":0,"d_nutr":0,"d_satt":0,"d_educ":0,"d_elct":1,"d_sani":1,"d_wtr":0,"d_hsg":null,"d_ckfl":1,"d_asst":1,"sex_Male":2,"sex_Female":2,"agec7_0-4":1,"agec7_5-9":0,"agec7_10-14":1,"agec7_15-17":0,"agec7_18-59":1,"agec7_60+":0,"hhsize":4,"region":"Dowa","area":"rural"},{"hh_id":"mostly70-4041-4874-9238-673e7ca30333","psu":235,"strata":"Kasungu Rural","weight":0.95903015,"d_cm":0,"d_nutr":1,"d_satt":0,"d_educ":1,"d_elct":1,"d_sani":0,"d_wtr":1,"d_hsg":null,"d_ckfl":1,"d_asst":1,"sex_Male":1,"sex_Female":4,"agec7_0-4":1,"agec7_5-9":3,"agec7_10-14":2,"agec7_15-17":0,"agec7_18-59":1,"agec7_60+":0,"hhsize":5,"region":"Kasungu","area":"rural"},{"hh_id":"mostlyf3-12ad-4ebd-9c33-476756f2d126","psu":83,"strata":"Nkhata Bay Rural","weight":0.21270308,"d_cm":0,"d_nutr":0,"d_satt":1,"d_educ":0,"d_elct":0,"d_sani":1,"d_wtr":0,"d_hsg":0.0,"d_ckfl":1,"d_asst":1,"sex_Male":2,"sex_Female":4,"agec7_0-4":0,"agec7_5-9":1,"agec7_10-14":2,"agec7_15-17":2,"agec7_18-59":1,"agec7_60+":0,"hhsize":6,"region":"Nkhata Bay","area":"rural"},{"hh_id":"mostly91-69d7-4d32-ba9d-9d7ccaf61245","psu":789,"strata":"Mwanza Urban","weight":0.12063025,"d_cm":0,"d_nutr":0,"d_satt":0,"d_educ":0,"d_elct":1,"d_sani":0,"d_wtr":0,"d_hsg":0.0,"d_ckfl":1,"d_asst":0,"sex_Male":4,"sex_Female":2,"agec7_0-4":0,"agec7_5-9":0,"agec7_10-14":0,"agec7_15-17":1,"agec7_18-59":4,"agec7_60+":0,"hhsize":6,"region":"Mwanza","area":"urban"},{"hh_id":"mostlyf3-7292-4244-b8c4-e7dbb98ff01a","psu":195,"strata":"Likoma Rural","weight":0.0268235,"d_cm":0,"d_nutr":0,"d_satt":0,"d_educ":0,"d_elct":0,"d_sani":0,"d_wtr":0,"d_hsg":0.0,"d_ckfl":0,"d_asst":0,"sex_Male":1,"sex_Female":3,"agec7_0-4":1,"agec7_5-9":0,"agec7_10-14":0,"agec7_15-17":0,"agec7_18-59":1,"agec7_60+":0,"hhsize":4,"region":"Likoma","area":"rural"},{"hh_id":"mostlye1-6419-4b5e-8808-e0ecddaf0968","psu":277,"strata":"Nkhotakota Rural","weight":0.52273824,"d_cm":0,"d_nutr":1,"d_satt":0,"d_educ":0,"d_elct":0,"d_sani":1,"d_wtr":0,"d_hsg":0.0,"d_ckfl":1,"d_asst":0,"sex_Male":5,"sex_Female":4,"agec7_0-4":2,"agec7_5-9":1,"agec7_10-14":0,"agec7_15-17":0,"agec7_18-59":2,"agec7_60+":0,"hhsize":9,"region":"Nkhotakota","area":"rural"},{"hh_id":"mostlyf1-a81e-4d4d-8096-2ac52b7e159b","psu":79,"strata":"Nkhata Bay Rural","weight":0.34398424,"d_cm":0,"d_nutr":0,"d_satt":0,"d_educ":0,"d_elct":1,"d_sani":1,"d_wtr":0,"d_hsg":null,"d_ckfl":1,"d_asst":1,"sex_Male":2,"sex_Female":1,"agec7_0-4":0,"agec7_5-9":0,"agec7_10-14":0,"agec7_15-17":0,"agec7_18-59":2,"agec7_60+":0,"hhsize":3,"region":"Nkhata Bay","area":"rural"},{"hh_id":"mostly63-2906-4a66-966f-47158d283016","psu":764,"strata":"Mwanza Rural","weight":0.26018277,"d_cm":0,"d_nutr":0,"d_satt":0,"d_educ":0,"d_elct":1,"d_sani":1,"d_wtr":0,"d_hsg":null,"d_ckfl":1,"d_asst":0,"sex_Male":3,"sex_Female":1,"agec7_0-4":1,"agec7_5-9":1,"agec7_10-14":1,"agec7_15-17":1,"agec7_18-59":3,"agec7_60+":0,"hhsize":4,"region":"Mwanza","area":"rural"},{"hh_id":"mostly23-1a7d-433a-819a-2f4fe559be2e","psu":443,"strata":"Lilongwe Rural","weight":2.95416827,"d_cm":0,"d_nutr":0,"d_satt":0,"d_educ":0,"d_elct":1,"d_sani":0,"d_wtr":0,"d_hsg":null,"d_ckfl":1,"d_asst":0,"sex_Male":1,"sex_Female":4,"agec7_0-4":0,"agec7_5-9":2,"agec7_10-14":0,"agec7_15-17":1,"agec7_18-59":2,"agec7_60+":0,"hhsize":5,"region":"Lilongwe","area":"rural"},{"hh_id":"mostlyfa-5bdc-41e9-858c-336f01483728","psu":362,"strata":"Dowa Rural","weight":1.15434421,"d_cm":0,"d_nutr":1,"d_satt":0,"d_educ":0,"d_elct":1,"d_sani":1,"d_wtr":1,"d_hsg":null,"d_ckfl":1,"d_asst":1,"sex_Male":2,"sex_Female":2,"agec7_0-4":2,"agec7_5-9":1,"agec7_10-14":0,"agec7_15-17":0,"agec7_18-59":2,"agec7_60+":0,"hhsize":4,"region":"Dowa","area":"rural"},{"hh_id":"mostlyfa-847b-496b-b815-f10f7c060f8e","psu":852,"strata":"Mulanje Rural","weight":2.15978169,"d_cm":1,"d_nutr":1,"d_satt":0,"d_educ":0,"d_elct":1,"d_sani":1,"d_wtr":0,"d_hsg":null,"d_ckfl":1,"d_asst":0,"sex_Male":2,"sex_Female":1,"agec7_0-4":1,"agec7_5-9":0,"agec7_10-14":0,"agec7_15-17":0,"agec7_18-59":2,"agec7_60+":0,"hhsize":3,"region":"Mulange","area":"rural"},{"hh_id":"mostly85-cf38-443d-8a70-732edcbed534","psu":414,"strata":"Salima Rural","weight":0.65864916,"d_cm":0,"d_nutr":0,"d_satt":0,"d_educ":0,"d_elct":1,"d_sani":1,"d_wtr":0,"d_hsg":null,"d_ckfl":1,"d_asst":1,"sex_Male":0,"sex_Female":4,"agec7_0-4":1,"agec7_5-9":2,"agec7_10-14":2,"agec7_15-17":0,"agec7_18-59":2,"agec7_60+":0,"hhsize":6,"region":"Salima","area":"rural"},{"hh_id":"mostly10-2717-4a18-9eb5-2051b3151140","psu":867,"strata":"Mulanje Rural","weight":0.78057452,"d_cm":0,"d_nutr":0,"d_satt":0,"d_educ":0,"d_elct":1,"d_sani":1,"d_wtr":0,"d_hsg":null,"d_ckfl":1,"d_asst":0,"sex_Male":1,"sex_Female":3,"agec7_0-4":1,"agec7_5-9":1,"agec7_10-14":0,"agec7_15-17":0,"agec7_18-59":2,"agec7_60+":0,"hhsize":4,"region":"Mulange","area":"rural"},{"hh_id":"mostly54-ed6c-4a12-b127-8fc5afabf510","psu":639,"strata":"Machinga Rural","weight":0.91791891,"d_cm":0,"d_nutr":0,"d_satt":0,"d_educ":1,"d_elct":1,"d_sani":1,"d_wtr":1,"d_hsg":null,"d_ckfl":1,"d_asst":1,"sex_Male":1,"sex_Female":0,"agec7_0-4":0,"agec7_5-9":0,"agec7_10-14":0,"agec7_15-17":1,"agec7_18-59":1,"agec7_60+":0,"hhsize":1,"region":"Machinga","area":"rural"},{"hh_id":"mostlyd2-7338-4a80-83b7-8c3f80897986","psu":977,"strata":"Nsanje Rural","weight":0.52736877,"d_cm":0,"d_nutr":1,"d_satt":1,"d_educ":1,"d_elct":1,"d_sani":1,"d_wtr":0,"d_hsg":null,"d_ckfl":1,"d_asst":1,"sex_Male":4,"sex_Female":3,"agec7_0-4":2,"agec7_5-9":2,"agec7_10-14":1,"agec7_15-17":0,"agec7_18-59":1,"agec7_60+":2,"hhsize":7,"region":"Nsanje","area":"rural"},{"hh_id":"mostlye5-0d66-4ca2-a08c-db55f36ed8da","psu":462,"strata":"Mchinji Rural","weight":0.72445718,"d_cm":0,"d_nutr":0,"d_satt":0,"d_educ":0,"d_elct":1,"d_sani":0,"d_wtr":0,"d_hsg":0.0,"d_ckfl":1,"d_asst":1,"sex_Male":1,"sex_Female":2,"agec7_0-4":1,"agec7_5-9":0,"agec7_10-14":0,"agec7_15-17":0,"agec7_18-59":2,"agec7_60+":0,"hhsize":3,"region":"Mchinji","area":"rural"},{"hh_id":"mostly35-149a-4469-9f09-18ca114c5a84","psu":259,"strata":"Nkhotakota Rural","weight":0.90573224,"d_cm":0,"d_nutr":0,"d_satt":0,"d_educ":0,"d_elct":0,"d_sani":1,"d_wtr":0,"d_hsg":0.0,"d_ckfl":1,"d_asst":0,"sex_Male":2,"sex_Female":2,"agec7_0-4":0,"agec7_5-9":0,"agec7_10-14":0,"agec7_15-17":0,"agec7_18-59":1,"agec7_60+":0,"hhsize":4,"region":"Nkhotakota","area":"rural"},{"hh_id":"mostly67-1b2d-4e7c-b75b-71095a556d75","psu":610,"strata":"Mangochi Rural","weight":1.90702214,"d_cm":0,"d_nutr":0,"d_satt":0,"d_educ":0,"d_elct":1,"d_sani":0,"d_wtr":0,"d_hsg":null,"d_ckfl":1,"d_asst":1,"sex_Male":1,"sex_Female":4,"agec7_0-4":0,"agec7_5-9":1,"agec7_10-14":1,"agec7_15-17":0,"agec7_18-59":4,"agec7_60+":0,"hhsize":5,"region":"Mangochi","area":"rural"}]