{
    "model_id": "MOSTLY_AI/Large",
    "model_units": {
        "embedder@tgt:t0/c0__bin": 20,
        "embedder@tgt:t1/c1__bin": 20,
        "embedder@tgt:t2/c2__cat": 16,
        "embedder@tgt:t3/c3__bin": 20,
        "embedder@tgt:t4/c4__cat": 4,
        "embedder@tgt:t5/c5__cat": 4,
        "embedder@tgt:t6/c6__cat": 4,
        "embedder@tgt:t7/c7__cat": 4,
        "embedder@tgt:t8/c8__cat": 4,
        "embedder@tgt:t9/c9__cat": 4,
        "embedder@tgt:t10/c10__cat": 4,
        "embedder@tgt:t11/c11__cat": 3,
        "embedder@tgt:t12/c12__cat": 4,
        "embedder@tgt:t13/c13__cat": 3,
        "embedder@tgt:t14/c14__cat": 3,
        "embedder@tgt:t15/c15__cat": 7,
        "embedder@tgt:t16/c16__cat": 12,
        "embedder@tgt:t17/c17__cat": 16,
        "embedder@tgt:t18/c18__cat": 3,
        "regressor@tgt:t0/c0__bin": [
            80,
            80
        ],
        "regressor@tgt:t1/c1__bin": [
            80,
            80
        ],
        "regressor@tgt:t2/c2__cat": [
            80,
            64
        ],
        "regressor@tgt:t3/c3__bin": [
            80,
            80
        ],
        "regressor@tgt:t4/c4__cat": [
            80,
            16
        ],
        "regressor@tgt:t5/c5__cat": [
            80,
            16
        ],
        "regressor@tgt:t6/c6__cat": [
            80,
            16
        ],
        "regressor@tgt:t7/c7__cat": [
            80,
            16
        ],
        "regressor@tgt:t8/c8__cat": [
            80,
            16
        ],
        "regressor@tgt:t9/c9__cat": [
            80,
            16
        ],
        "regressor@tgt:t10/c10__cat": [
            80,
            16
        ],
        "regressor@tgt:t11/c11__cat": [
            80,
            16
        ],
        "regressor@tgt:t12/c12__cat": [
            80,
            16
        ],
        "regressor@tgt:t13/c13__cat": [
            80,
            16
        ],
        "regressor@tgt:t14/c14__cat": [
            80,
            16
        ],
        "regressor@tgt:t15/c15__cat": [
            80,
            32
        ],
        "regressor@tgt:t16/c16__cat": [
            80,
            48
        ],
        "regressor@tgt:t17/c17__cat": [
            80,
            48
        ],
        "regressor@tgt:t18/c18__cat": [
            80,
            16
        ]
    },
    "enable_flexible_generation": true
}