[{"hh_id":"mostly08-91c1-4386-a678-409d52884649","psu":345,"strata":"Dowa Rural","weight":1.52496693,"d_cm":0,"d_nutr":0,"d_satt":0,"d_educ":0,"d_elct":1,"d_sani":0,"d_wtr":0,"d_hsg":1,"d_ckfl":1,"d_asst":1,"sex_Male":2,"sex_Female":3,"agec7_0-4":1,"agec7_5-9":0,"agec7_10-14":0,"agec7_15-17":0,"agec7_18-59":2,"agec7_60+":0,"hhsize":5,"region":"Dowa","area":"rural"},{"hh_id":"mostlyd7-5039-4b0f-a56f-cabcf4bd0d34","psu":1004,"strata":"Balaka Rural","weight":0.7168242,"d_cm":0,"d_nutr":0,"d_satt":0,"d_educ":0,"d_elct":1,"d_sani":1,"d_wtr":0,"d_hsg":1,"d_ckfl":1,"d_asst":1,"sex_Male":1,"sex_Female":3,"agec7_0-4":1,"agec7_5-9":0,"agec7_10-14":0,"agec7_15-17":1,"agec7_18-59":2,"agec7_60+":0,"hhsize":4,"region":"Balaka","area":"rural"},{"hh_id":"mostlyab-6ac0-4c70-8865-b3feca49734b","psu":589,"strata":"Mangochi Rural","weight":3.86459055,"d_cm":0,"d_nutr":0,"d_satt":0,"d_educ":0,"d_elct":1,"d_sani":1,"d_wtr":0,"d_hsg":1,"d_ckfl":1,"d_asst":1,"sex_Male":1,"sex_Female":3,"agec7_0-4":1,"agec7_5-9":1,"agec7_10-14":0,"agec7_15-17":0,"agec7_18-59":1,"agec7_60+":0,"hhsize":4,"region":"Mangochi","area":"rural"},{"hh_id":"mostly09-3e86-44aa-996f-eaf5fd23afb1","psu":1021,"strata":"Balaka Rural","weight":0.64460743,"d_cm":0,"d_nutr":0,"d_satt":0,"d_educ":0,"d_elct":1,"d_sani":0,"d_wtr":0,"d_hsg":1,"d_ckfl":1,"d_asst":0,"sex_Male":3,"sex_Female":1,"agec7_0-4":1,"agec7_5-9":0,"agec7_10-14":1,"agec7_15-17":0,"agec7_18-59":2,"agec7_60+":0,"hhsize":4,"region":"Balaka","area":"rural"},{"hh_id":"mostlycb-2374-4013-95b2-47e4c7da07dc","psu":793,"strata":"Thyolo Rural","weight":1.10408472,"d_cm":0,"d_nutr":1,"d_satt":0,"d_educ":0,"d_elct":0,"d_sani":1,"d_wtr":0,"d_hsg":1,"d_ckfl":1,"d_asst":1,"sex_Male":1,"sex_Female":4,"agec7_0-4":1,"agec7_5-9":2,"agec7_10-14":1,"agec7_15-17":0,"agec7_18-59":2,"agec7_60+":0,"hhsize":5,"region":"Thyolo","area":"rural"},{"hh_id":"mostly4e-b9cf-4035-bae5-ce2c0366a7b1","psu":20,"strata":"Chitipa Rural","weight":0.43089216,"d_cm":0,"d_nutr":0,"d_satt":0,"d_educ":0,"d_elct":1,"d_sani":1,"d_wtr":1,"d_hsg":1,"d_ckfl":1,"d_asst":1,"sex_Male":2,"sex_Female":2,"agec7_0-4":1,"agec7_5-9":1,"agec7_10-14":0,"agec7_15-17":0,"agec7_18-59":2,"agec7_60+":0,"hhsize":4,"region":"Chitipa","area":"rural"},{"hh_id":"mostly9d-be39-4206-ad9b-89aed96a7f78","psu":622,"strata":"Machinga Rural","weight":1.89965123,"d_cm":0,"d_nutr":0,"d_satt":1,"d_educ":1,"d_elct":1,"d_sani":1,"d_wtr":0,"d_hsg":1,"d_ckfl":1,"d_asst":1,"sex_Male":0,"sex_Female":1,"agec7_0-4":0,"agec7_5-9":0,"agec7_10-14":1,"agec7_15-17":1,"agec7_18-59":1,"agec7_60+":0,"hhsize":3,"region":"Machinga","area":"rural"},{"hh_id":"mostlydb-ac08-4835-83ca-b78065a5cc28","psu":598,"strata":"Mangochi Rural","weight":1.6558418,"d_cm":0,"d_nutr":0,"d_satt":0,"d_educ":1,"d_elct":1,"d_sani":0,"d_wtr":0,"d_hsg":1,"d_ckfl":1,"d_asst":1,"sex_Male":3,"sex_Female":2,"agec7_0-4":0,"agec7_5-9":1,"agec7_10-14":2,"agec7_15-17":0,"agec7_18-59":1,"agec7_60+":2,"hhsize":5,"region":"Mangochi","area":"rural"},{"hh_id":"mostly2a-5490-4789-98ef-5d25efcff87e","psu":411,"strata":"Salima Rural","weight":0.38120728,"d_cm":0,"d_nutr":0,"d_satt":0,"d_educ":0,"d_elct":1,"d_sani":1,"d_wtr":1,"d_hsg":0,"d_ckfl":1,"d_asst":1,"sex_Male":1,"sex_Female":0,"agec7_0-4":0,"agec7_5-9":0,"agec7_10-14":0,"agec7_15-17":0,"agec7_18-59":1,"agec7_60+":0,"hhsize":1,"region":"Salima","area":"rural"},{"hh_id":"mostly6f-c0cb-44f6-bfaf-8669593b8552","psu":646,"strata":"Machinga Rural","weight":2.14953367,"d_cm":0,"d_nutr":1,"d_satt":0,"d_educ":1,"d_elct":1,"d_sani":1,"d_wtr":0,"d_hsg":1,"d_ckfl":1,"d_asst":1,"sex_Male":5,"sex_Female":1,"agec7_0-4":2,"agec7_5-9":2,"agec7_10-14":0,"agec7_15-17":0,"agec7_18-59":2,"agec7_60+":0,"hhsize":6,"region":"Machinga","area":"rural"},{"hh_id":"mostly11-8b4e-4f35-aeeb-64c4ceb3e7cd","psu":443,"strata":"Lilongwe Rural","weight":4.07223187,"d_cm":0,"d_nutr":0,"d_satt":0,"d_educ":0,"d_elct":1,"d_sani":0,"d_wtr":0,"d_hsg":1,"d_ckfl":1,"d_asst":1,"sex_Male":2,"sex_Female":2,"agec7_0-4":1,"agec7_5-9":1,"agec7_10-14":1,"agec7_15-17":0,"agec7_18-59":2,"agec7_60+":0,"hhsize":4,"region":"Lilongwe","area":"rural"},{"hh_id":"mostly95-5be9-450d-a3db-709446be6dff","psu":75,"strata":"Karonga Urban","weight":0.33618151,"d_cm":0,"d_nutr":0,"d_satt":0,"d_educ":0,"d_elct":1,"d_sani":1,"d_wtr":0,"d_hsg":1,"d_ckfl":1,"d_asst":0,"sex_Male":3,"sex_Female":2,"agec7_0-4":1,"agec7_5-9":1,"agec7_10-14":1,"agec7_15-17":0,"agec7_18-59":2,"agec7_60+":0,"hhsize":5,"region":"Karonga","area":"urban"},{"hh_id":"mostly98-5834-4a34-9f35-ae95bff44816","psu":758,"strata":"Mwanza Rural","weight":0.26872009,"d_cm":0,"d_nutr":0,"d_satt":0,"d_educ":0,"d_elct":1,"d_sani":0,"d_wtr":1,"d_hsg":0,"d_ckfl":1,"d_asst":1,"sex_Male":1,"sex_Female":1,"agec7_0-4":0,"agec7_5-9":0,"agec7_10-14":0,"agec7_15-17":0,"agec7_18-59":2,"agec7_60+":0,"hhsize":2,"region":"Mwanza","area":"rural"},{"hh_id":"mostlyf7-d958-474e-90a4-9b66466e7e8d","psu":937,"strata":"Chikwawa Rural","weight":0.5223271,"d_cm":0,"d_nutr":0,"d_satt":0,"d_educ":1,"d_elct":1,"d_sani":1,"d_wtr":0,"d_hsg":1,"d_ckfl":1,"d_asst":1,"sex_Male":2,"sex_Female":1,"agec7_0-4":0,"agec7_5-9":0,"agec7_10-14":0,"agec7_15-17":0,"agec7_18-59":2,"agec7_60+":0,"hhsize":3,"region":"Chikwawa","area":"rural"},{"hh_id":"mostly94-b856-4dd0-b716-1b0286fa5b13","psu":648,"strata":"Machinga Rural","weight":1.5466312,"d_cm":0,"d_nutr":0,"d_satt":0,"d_educ":0,"d_elct":1,"d_sani":1,"d_wtr":0,"d_hsg":1,"d_ckfl":1,"d_asst":1,"sex_Male":2,"sex_Female":3,"agec7_0-4":1,"agec7_5-9":1,"agec7_10-14":0,"agec7_15-17":0,"agec7_18-59":2,"agec7_60+":0,"hhsize":5,"region":"Machinga","area":"rural"},{"hh_id":"mostlydf-efea-4d38-b5e4-abb5505b56a6","psu":986,"strata":"Nsanje Rural","weight":0.51709869,"d_cm":0,"d_nutr":0,"d_satt":0,"d_educ":0,"d_elct":1,"d_sani":1,"d_wtr":1,"d_hsg":1,"d_ckfl":1,"d_asst":0,"sex_Male":2,"sex_Female":4,"agec7_0-4":2,"agec7_5-9":0,"agec7_10-14":1,"agec7_15-17":0,"agec7_18-59":2,"agec7_60+":0,"hhsize":6,"region":"Nsanje","area":"rural"},{"hh_id":"mostlyc4-949b-4255-a3e2-571338802534","psu":453,"strata":"Mchinji Rural","weight":0.73185013,"d_cm":0,"d_nutr":0,"d_satt":0,"d_educ":0,"d_elct":1,"d_sani":0,"d_wtr":0,"d_hsg":0,"d_ckfl":0,"d_asst":0,"sex_Male":1,"sex_Female":3,"agec7_0-4":0,"agec7_5-9":1,"agec7_10-14":2,"agec7_15-17":0,"agec7_18-59":2,"agec7_60+":0,"hhsize":4,"region":"Mchinji","area":"rural"},{"hh_id":"mostlyb3-7e4a-4629-b869-db5cecaa10e9","psu":111,"strata":"Nkhata Bay Rural","weight":0.22373121,"d_cm":0,"d_nutr":0,"d_satt":0,"d_educ":0,"d_elct":1,"d_sani":1,"d_wtr":0,"d_hsg":1,"d_ckfl":1,"d_asst":1,"sex_Male":2,"sex_Female":1,"agec7_0-4":0,"agec7_5-9":0,"agec7_10-14":0,"agec7_15-17":0,"agec7_18-59":2,"agec7_60+":1,"hhsize":3,"region":"Nkhata Bay","area":"rural"},{"hh_id":"mostly87-c1ac-42ae-b6d1-f0729ca058e0","psu":418,"strata":"Lilongwe Rural","weight":6.37450477,"d_cm":0,"d_nutr":1,"d_satt":0,"d_educ":0,"d_elct":1,"d_sani":0,"d_wtr":0,"d_hsg":1,"d_ckfl":1,"d_asst":1,"sex_Male":1,"sex_Female":3,"agec7_0-4":1,"agec7_5-9":0,"agec7_10-14":0,"agec7_15-17":0,"agec7_18-59":1,"agec7_60+":1,"hhsize":4,"region":"Lilongwe","area":"rural"},{"hh_id":"mostlyfe-19b1-445a-8c23-d3fbc4dce52a","psu":129,"strata":"Rumphi Rural","weight":0.20071385,"d_cm":0,"d_nutr":0,"d_satt":0,"d_educ":1,"d_elct":1,"d_sani":0,"d_wtr":1,"d_hsg":1,"d_ckfl":1,"d_asst":1,"sex_Male":2,"sex_Female":1,"agec7_0-4":0,"agec7_5-9":1,"agec7_10-14":1,"agec7_15-17":0,"agec7_18-59":1,"agec7_60+":2,"hhsize":3,"region":"Rumphi","area":"rural"}]