{
  "id": "cc5766a9-a850-4d84-9315-d2a911c76b7b",
  "name": "Application 5",
  "description": null,
  "trainingStatus": "DONE",
  "trainingTime": null,
  "usage": null,
  "metadata": null,
  "accuracy": 0.9834642,
  "tables": [
    {
      "id": "1ba5dcae-6892-44f6-99dd-a31a9fd23d49",
      "sourceConnectorId": "85c49461-8dad-45bf-b898-108ed7b17e03",
      "location": "/home/igirela/mostlyai/connectors/85c49461-8dad-45bf-b898-108ed7b17e03/data.parquet",
      "name": "household_survey",
      "primaryKey": "ind_id",
      "columns": [
        {
          "id": "bd50691a-13e3-4955-b101-5bce20694fc7",
          "name": "hh_id",
          "included": true,
          "modelEncodingType": "TABULAR_NUMERIC_BINNED",
          "valueRange": {
            "min": "101.0",
            "max": "111224.0",
            "values": null,
            "has_null": false
          }
        },
        {
          "id": "e6258656-1dda-4927-b29a-0db66071f4e4",
          "name": "ind_id",
          "included": true,
          "modelEncodingType": "AUTO",
          "valueRange": null
        },
        {
          "id": "e63202c4-06a2-4023-90b0-fbaf49d78286",
          "name": "psu",
          "included": true,
          "modelEncodingType": "TABULAR_NUMERIC_BINNED",
          "valueRange": {
            "min": "1.0",
            "max": "1112.0",
            "values": null,
            "has_null": false
          }
        },
        {
          "id": "10853b83-c5aa-4556-a1b2-4732cc80da51",
          "name": "strata",
          "included": true,
          "modelEncodingType": "TABULAR_CATEGORICAL",
          "valueRange": {
            "min": null,
            "max": null,
            "values": [
              "Balaka Rural",
              "Balaka Urban",
              "Blantyre City",
              "Blantyre Rural",
              "Chikwawa Rural",
              "Chikwawa Urban",
              "Chiradzulu Rural",
              "Chiradzulu Urban",
              "Chitipa Rural",
              "Chitipa Urban",
              "Dedza Rural",
              "Dedza Urban",
              "Dowa Rural",
              "Dowa Urban",
              "Karonga Rural",
              "Karonga Urban",
              "Kasungu Rural",
              "Kasungu Urban",
              "Likoma Rural",
              "Likoma Urban",
              "Lilongwe City",
              "Lilongwe Rural",
              "Machinga Rural",
              "Machinga Urban",
              "Mangochi Rural",
              "Mangochi Urban",
              "Mchinji Rural",
              "Mchinji Urban",
              "Mulanje Rural",
              "Mulanje Urban",
              "Mwanza Rural",
              "Mwanza Urban",
              "Mzimba Rural",
              "Mzuzu City",
              "Neno Rural",
              "Neno Urban",
              "Nkhata Bay Rural",
              "Nkhata Bay Urban",
              "Nkhotakota Rural",
              "Nkhotakota Urban",
              "Nsanje Rural",
              "Nsanje Urban",
              "Ntcheu Rural",
              "Ntcheu Urban",
              "Ntchisi Rural",
              "Ntchisi Urban",
              "Phalombe Rural",
              "Phalombe Urban",
              "Rumphi Rural",
              "Rumphi Urban",
              "Salima Rural",
              "Salima Urban",
              "Thyolo Rural",
              "Thyolo Urban",
              "Zomba  Rural",
              "Zomba City"
            ],
            "has_null": false
          }
        },
        {
          "id": "0df61c6d-7ad7-488a-a036-de8c27d9de38",
          "name": "weight",
          "included": true,
          "modelEncodingType": "TABULAR_NUMERIC_BINNED",
          "valueRange": {
            "min": "0.012080392800271511",
            "max": "11.163359642028809",
            "values": null,
            "has_null": false
          }
        },
        {
          "id": "33758b15-68b1-44a5-a9c9-09b3d8ab05f5",
          "name": "d_cm",
          "included": true,
          "modelEncodingType": "TABULAR_NUMERIC_DISCRETE",
          "valueRange": {
            "min": null,
            "max": null,
            "values": [
              "0.0",
              "1.0"
            ],
            "has_null": true
          }
        },
        {
          "id": "72a931f1-5506-48a0-84d3-6f3b9dd18bea",
          "name": "d_nutr",
          "included": true,
          "modelEncodingType": "TABULAR_NUMERIC_DISCRETE",
          "valueRange": {
            "min": null,
            "max": null,
            "values": [
              "0.0",
              "1.0"
            ],
            "has_null": true
          }
        },
        {
          "id": "54d53628-539c-4159-adbf-8eb7f2c7f1e1",
          "name": "d_satt",
          "included": true,
          "modelEncodingType": "TABULAR_NUMERIC_DISCRETE",
          "valueRange": {
            "min": null,
            "max": null,
            "values": [
              "0.0",
              "1.0"
            ],
            "has_null": true
          }
        },
        {
          "id": "136967cd-14fc-4367-ba31-060e4893bf49",
          "name": "d_educ",
          "included": true,
          "modelEncodingType": "TABULAR_NUMERIC_DISCRETE",
          "valueRange": {
            "min": null,
            "max": null,
            "values": [
              "0.0",
              "1.0"
            ],
            "has_null": true
          }
        },
        {
          "id": "9d6a0ec0-6637-44ae-b2b5-dfe9395d6f5c",
          "name": "d_elct",
          "included": true,
          "modelEncodingType": "TABULAR_NUMERIC_DISCRETE",
          "valueRange": {
            "min": null,
            "max": null,
            "values": [
              "0.0",
              "1.0"
            ],
            "has_null": true
          }
        },
        {
          "id": "2d337df2-fbec-4f7c-92f3-844386d93e61",
          "name": "d_sani",
          "included": true,
          "modelEncodingType": "TABULAR_NUMERIC_DISCRETE",
          "valueRange": {
            "min": null,
            "max": null,
            "values": [
              "0.0",
              "1.0"
            ],
            "has_null": true
          }
        },
        {
          "id": "2d271edc-34b1-4db7-a789-41322a94ac18",
          "name": "d_wtr",
          "included": true,
          "modelEncodingType": "TABULAR_NUMERIC_DISCRETE",
          "valueRange": {
            "min": null,
            "max": null,
            "values": [
              "0.0",
              "1.0"
            ],
            "has_null": true
          }
        },
        {
          "id": "c970d31d-2d08-4abb-b242-7ddf7ccb8e11",
          "name": "d_hsg",
          "included": true,
          "modelEncodingType": "TABULAR_NUMERIC_DISCRETE",
          "valueRange": {
            "min": null,
            "max": null,
            "values": [
              "0",
              "1"
            ],
            "has_null": false
          }
        },
        {
          "id": "82b2b913-35b8-40a1-8a87-dc38e7c3dbcb",
          "name": "d_ckfl",
          "included": true,
          "modelEncodingType": "TABULAR_NUMERIC_DISCRETE",
          "valueRange": {
            "min": null,
            "max": null,
            "values": [
              "0.0",
              "1.0"
            ],
            "has_null": true
          }
        },
        {
          "id": "378c22ca-7124-4ba3-8d94-53b1b34f8929",
          "name": "d_asst",
          "included": true,
          "modelEncodingType": "TABULAR_NUMERIC_DISCRETE",
          "valueRange": {
            "min": null,
            "max": null,
            "values": [
              "0",
              "1"
            ],
            "has_null": false
          }
        },
        {
          "id": "1aa03d5a-626b-4bd6-ad8f-b68ae490fdcc",
          "name": "sex",
          "included": true,
          "modelEncodingType": "TABULAR_CATEGORICAL",
          "valueRange": {
            "min": null,
            "max": null,
            "values": [
              "Female",
              "Male"
            ],
            "has_null": false
          }
        },
        {
          "id": "a6fefb17-95b6-4705-ba2f-1f399ab00ccc",
          "name": "agec7",
          "included": true,
          "modelEncodingType": "TABULAR_CATEGORICAL",
          "valueRange": {
            "min": null,
            "max": null,
            "values": [
              "0-4",
              "10-14",
              "15-17",
              "18-59",
              "5-9",
              "60+"
            ],
            "has_null": false
          }
        },
        {
          "id": "9b20902e-a731-4154-82d9-bb6a07f10d93",
          "name": "hhsize",
          "included": true,
          "modelEncodingType": "TABULAR_NUMERIC_DISCRETE",
          "valueRange": {
            "min": null,
            "max": null,
            "values": [
              "1",
              "2",
              "3",
              "4",
              "5",
              "6",
              "7",
              "8",
              "9",
              "10",
              "11",
              "12",
              "13",
              "14",
              "15",
              "16",
              "17",
              "18"
            ],
            "has_null": false
          }
        },
        {
          "id": "7b6be81b-5d8f-41c8-93fb-3f02ae8a83b2",
          "name": "region",
          "included": true,
          "modelEncodingType": "TABULAR_CATEGORICAL",
          "valueRange": {
            "min": null,
            "max": null,
            "values": [
              "Balaka",
              "Blantyre",
              "Chikwawa",
              "Chiradzulu",
              "Chitipa",
              "Dedza",
              "Dowa",
              "Karonga",
              "Kasungu",
              "Likoma",
              "Lilongwe",
              "Machinga",
              "Mangochi",
              "Mchinji",
              "Mulange",
              "Mwanza",
              "Mzimba",
              "Neno",
              "Nkhata Bay",
              "Nkhotakota",
              "Nsanje",
              "Ntcheu",
              "Ntchisi",
              "Phalombe",
              "Rumphi",
              "Salima",
              "Thyolo",
              "Zomba"
            ],
            "has_null": false
          }
        },
        {
          "id": "89d2f7af-6fc5-4647-b9e1-4969d495fc8a",
          "name": "area",
          "included": true,
          "modelEncodingType": "TABULAR_CATEGORICAL",
          "valueRange": {
            "min": null,
            "max": null,
            "values": [
              "rural",
              "urban"
            ],
            "has_null": false
          }
        }
      ],
      "foreignKeys": null,
      "tabularModelMetrics": {
        "accuracy": {
          "overall": 0.9834642,
          "univariate": 0.9916832,
          "bivariate": 0.9841144,
          "trivariate": 0.974595,
          "coherence": null,
          "overallMax": 0.9939876,
          "univariateMax": 0.9974274,
          "bivariateMax": 0.9944615,
          "trivariateMax": 0.9900738,
          "coherenceMax": null
        },
        "distances": {
          "imsTraining": 0.0,
          "imsHoldout": 0.0,
          "imsTrnHol": 0.028,
          "dcrTraining": 0.008,
          "dcrHoldout": 0.008,
          "dcrTrnHol": 0.005,
          "dcrShare": 0.514,
          "nndrTraining": 0.056313388632,
          "nndrHoldout": 0.051022563159,
          "nndrTrnHol": 5.80356e-7
        },
        "similarity": {
          "cosineSimilarityTrainingSynthetic": 0.9998087,
          "cosineSimilarityTrainingHoldout": 0.9999409,
          "discriminatorAUCTrainingSynthetic": 0.535,
          "discriminatorAUCTrainingHoldout": 0.5
        }
      },
      "languageModelMetrics": null,
      "tabularModelConfiguration": {
        "model": "MOSTLY_AI/Large",
        "maxSampleSize": null,
        "batchSize": null,
        "gradientAccumulationSteps": null,
        "maxTrainingTime": 14400.0,
        "maxEpochs": 100.0,
        "maxSequenceWindow": 100,
        "enableFlexibleGeneration": true,
        "valueProtection": false,
        "rareCategoryReplacementMethod": "CONSTANT",
        "differentialPrivacy": null,
        "compute": null,
        "enableModelReport": true
      },
      "languageModelConfiguration": null,
      "totalRows": 111276
    }
  ],
  "randomState": null
}