{
    "columns": {
        "hh_id": {
            "encoding_type": "TABULAR_NUMERIC_BINNED",
            "cardinalities": {
                "bin": 103
            },
            "codes": {
                "<<UNK>>": 0,
                "<<MIN>>": 1,
                "<<MAX>>": 2
            },
            "min_decimal": 0,
            "bins": [
                101.0,
                1008.0,
                2011.0,
                3114.0,
                4224.0,
                5320.0,
                6322.0,
                7310.0,
                8218.0,
                9122.0,
                10002.0,
                10717.0,
                11712.0,
                12816.0,
                13917.0,
                15112.0,
                16305.0,
                17315.0,
                18317.0,
                19213.0,
                20001.0,
                20614.0,
                21707.0,
                22901.0,
                24004.0,
                25115.0,
                26221.0,
                27206.0,
                28114.0,
                29116.0,
                30217.0,
                31223.0,
                32320.0,
                33603.0,
                34710.0,
                35912.0,
                37020.0,
                38204.0,
                39213.0,
                40222.0,
                41503.0,
                42612.0,
                43809.0,
                45013.0,
                46112.0,
                47205.0,
                48315.0,
                49406.0,
                50601.0,
                51623.0,
                52803.0,
                53908.0,
                55204.0,
                56217.0,
                57416.0,
                58611.0,
                59721.0,
                60815.0,
                61911.0,
                63102.0,
                64215.0,
                65413.0,
                66617.0,
                67805.0,
                69110.0,
                70315.0,
                71611.0,
                72820.0,
                74120.0,
                75321.0,
                76323.0,
                77314.0,
                78424.0,
                79708.0,
                80812.0,
                82111.0,
                83413.0,
                84616.0,
                85805.0,
                87022.0,
                88213.0,
                89319.0,
                90517.0,
                91608.0,
                92622.0,
                93812.0,
                95008.0,
                96112.0,
                97221.0,
                98322.0,
                99513.0,
                100714.0,
                101916.0,
                103106.0,
                104205.0,
                105403.0,
                106516.0,
                107613.0,
                108821.0,
                110018.0,
                111224.0
            ],
            "argn_processor": "tgt",
            "argn_table": "t0",
            "argn_column": "c0"
        },
        "psu": {
            "encoding_type": "TABULAR_NUMERIC_BINNED",
            "cardinalities": {
                "bin": 103
            },
            "codes": {
                "<<UNK>>": 0,
                "<<MIN>>": 1,
                "<<MAX>>": 2
            },
            "min_decimal": 0,
            "bins": [
                1.0,
                10.0,
                20.0,
                31.0,
                42.0,
                53.0,
                63.0,
                73.0,
                82.0,
                91.0,
                100.0,
                107.0,
                117.0,
                128.0,
                139.0,
                151.0,
                163.0,
                173.0,
                183.0,
                192.0,
                200.0,
                206.0,
                217.0,
                229.0,
                240.0,
                251.0,
                262.0,
                272.0,
                281.0,
                291.0,
                302.0,
                312.0,
                323.0,
                336.0,
                347.0,
                359.0,
                370.0,
                382.0,
                392.0,
                402.0,
                415.0,
                426.0,
                438.0,
                450.0,
                461.0,
                472.0,
                483.0,
                494.0,
                506.0,
                516.0,
                528.0,
                539.0,
                552.0,
                562.0,
                574.0,
                586.0,
                597.0,
                608.0,
                619.0,
                631.0,
                642.0,
                654.0,
                666.0,
                678.0,
                691.0,
                703.0,
                716.0,
                728.0,
                741.0,
                753.0,
                763.0,
                773.0,
                784.0,
                797.0,
                808.0,
                821.0,
                834.0,
                846.0,
                858.0,
                870.0,
                882.0,
                893.0,
                905.0,
                916.0,
                926.0,
                938.0,
                950.0,
                961.0,
                972.0,
                983.0,
                995.0,
                1007.0,
                1019.0,
                1031.0,
                1042.0,
                1054.0,
                1065.0,
                1076.0,
                1088.0,
                1100.0,
                1112.0
            ],
            "argn_processor": "tgt",
            "argn_table": "t1",
            "argn_column": "c1"
        },
        "strata": {
            "value_protection": false,
            "encoding_type": "TABULAR_CATEGORICAL",
            "no_of_rare_categories": 0,
            "codes": {
                "_RARE_": 0,
                "Balaka Rural": 1,
                "Balaka Urban": 2,
                "Blantyre City": 3,
                "Blantyre Rural": 4,
                "Chikwawa Rural": 5,
                "Chikwawa Urban": 6,
                "Chiradzulu Rural": 7,
                "Chiradzulu Urban": 8,
                "Chitipa Rural": 9,
                "Chitipa Urban": 10,
                "Dedza Rural": 11,
                "Dedza Urban": 12,
                "Dowa Rural": 13,
                "Dowa Urban": 14,
                "Karonga Rural": 15,
                "Karonga Urban": 16,
                "Kasungu Rural": 17,
                "Kasungu Urban": 18,
                "Likoma Rural": 19,
                "Likoma Urban": 20,
                "Lilongwe City": 21,
                "Lilongwe Rural": 22,
                "Machinga Rural": 23,
                "Machinga Urban": 24,
                "Mangochi Rural": 25,
                "Mangochi Urban": 26,
                "Mchinji Rural": 27,
                "Mchinji Urban": 28,
                "Mulanje Rural": 29,
                "Mulanje Urban": 30,
                "Mwanza Rural": 31,
                "Mwanza Urban": 32,
                "Mzimba Rural": 33,
                "Mzuzu City": 34,
                "Neno Rural": 35,
                "Neno Urban": 36,
                "Nkhata Bay Rural": 37,
                "Nkhata Bay Urban": 38,
                "Nkhotakota Rural": 39,
                "Nkhotakota Urban": 40,
                "Nsanje Rural": 41,
                "Nsanje Urban": 42,
                "Ntcheu Rural": 43,
                "Ntcheu Urban": 44,
                "Ntchisi Rural": 45,
                "Ntchisi Urban": 46,
                "Phalombe Rural": 47,
                "Phalombe Urban": 48,
                "Rumphi Rural": 49,
                "Rumphi Urban": 50,
                "Salima Rural": 51,
                "Salima Urban": 52,
                "Thyolo Rural": 53,
                "Thyolo Urban": 54,
                "Zomba  Rural": 55,
                "Zomba City": 56
            },
            "cardinalities": {
                "cat": 57
            },
            "argn_processor": "tgt",
            "argn_table": "t2",
            "argn_column": "c2"
        },
        "weight": {
            "encoding_type": "TABULAR_NUMERIC_BINNED",
            "cardinalities": {
                "bin": 103
            },
            "codes": {
                "<<UNK>>": 0,
                "<<MIN>>": 1,
                "<<MAX>>": 2
            },
            "min_decimal": -8,
            "bins": [
                0.012080392800271511,
                0.024937760084867477,
                0.028098689392209053,
                0.08759599179029465,
                0.118832066655159,
                0.13092881441116333,
                0.1422903686761856,
                0.15730158984661102,
                0.18213655054569244,
                0.19619430601596832,
                0.20970536768436432,
                0.2218773066997528,
                0.2319459766149521,
                0.23700308799743652,
                0.2512938380241394,
                0.26289767026901245,
                0.274189829826355,
                0.28009048104286194,
                0.2906264364719391,
                0.29844433069229126,
                0.31257912516593933,
                0.3235112726688385,
                0.3372659385204315,
                0.35572388768196106,
                0.37149742245674133,
                0.3838861286640167,
                0.39879241585731506,
                0.41679149866104126,
                0.43109774589538574,
                0.44054168462753296,
                0.4600229263305664,
                0.46994611620903015,
                0.4887770712375641,
                0.5008054375648499,
                0.5180519819259644,
                0.5262059569358826,
                0.5435804724693298,
                0.5522500276565552,
                0.5614210367202759,
                0.5692437887191772,
                0.5742623209953308,
                0.5851894021034241,
                0.6074814200401306,
                0.6235129833221436,
                0.6345767974853516,
                0.6445889472961426,
                0.6726710200309753,
                0.6878244280815125,
                0.7049718499183655,
                0.7201761603355408,
                0.7384411692619324,
                0.7617671489715576,
                0.7774243354797363,
                0.7859525084495544,
                0.8006201386451721,
                0.8221977353096008,
                0.8432921767234802,
                0.8591890335083008,
                0.8810082077980042,
                0.8905583620071411,
                0.9010204672813416,
                0.9117977619171143,
                0.9281303882598877,
                0.9502070546150208,
                0.9720208644866943,
                0.9875874519348145,
                0.9984154105186462,
                1.021470308303833,
                1.0393887758255005,
                1.0574471950531006,
                1.08583402633667,
                1.1050419807434082,
                1.1296923160552979,
                1.1719400882720947,
                1.1832631826400757,
                1.2260786294937134,
                1.2550369501113892,
                1.2798794507980347,
                1.3184226751327515,
                1.349946141242981,
                1.3994543552398682,
                1.45583176612854,
                1.4901379346847534,
                1.5437519550323486,
                1.5755436420440674,
                1.6092649698257446,
                1.6477464437484741,
                1.6766365766525269,
                1.7276469469070435,
                1.7927165031433105,
                1.8811311721801758,
                1.9310083389282227,
                2.035264730453491,
                2.168992519378662,
                2.336975574493408,
                2.5730602741241455,
                2.982196807861328,
                3.3501179218292236,
                4.147550582885742,
                5.164520740509033,
                11.163359642028809
            ],
            "argn_processor": "tgt",
            "argn_table": "t3",
            "argn_column": "c3"
        },
        "d_cm": {
            "encoding_type": "TABULAR_NUMERIC_DISCRETE",
            "cardinalities": {
                "cat": 4
            },
            "codes": {
                "_RARE_": 0,
                "<<NULL>>": 1,
                "0.0": 2,
                "1.0": 3
            },
            "min_decimal": 0,
            "argn_processor": "tgt",
            "argn_table": "t4",
            "argn_column": "c4"
        },
        "d_nutr": {
            "encoding_type": "TABULAR_NUMERIC_DISCRETE",
            "cardinalities": {
                "cat": 4
            },
            "codes": {
                "_RARE_": 0,
                "<<NULL>>": 1,
                "0.0": 2,
                "1.0": 3
            },
            "min_decimal": 0,
            "argn_processor": "tgt",
            "argn_table": "t5",
            "argn_column": "c5"
        },
        "d_satt": {
            "encoding_type": "TABULAR_NUMERIC_DISCRETE",
            "cardinalities": {
                "cat": 4
            },
            "codes": {
                "_RARE_": 0,
                "<<NULL>>": 1,
                "0.0": 2,
                "1.0": 3
            },
            "min_decimal": 0,
            "argn_processor": "tgt",
            "argn_table": "t6",
            "argn_column": "c6"
        },
        "d_educ": {
            "encoding_type": "TABULAR_NUMERIC_DISCRETE",
            "cardinalities": {
                "cat": 4
            },
            "codes": {
                "_RARE_": 0,
                "<<NULL>>": 1,
                "0.0": 2,
                "1.0": 3
            },
            "min_decimal": 0,
            "argn_processor": "tgt",
            "argn_table": "t7",
            "argn_column": "c7"
        },
        "d_elct": {
            "encoding_type": "TABULAR_NUMERIC_DISCRETE",
            "cardinalities": {
                "cat": 4
            },
            "codes": {
                "_RARE_": 0,
                "<<NULL>>": 1,
                "0.0": 2,
                "1.0": 3
            },
            "min_decimal": 0,
            "argn_processor": "tgt",
            "argn_table": "t8",
            "argn_column": "c8"
        },
        "d_sani": {
            "encoding_type": "TABULAR_NUMERIC_DISCRETE",
            "cardinalities": {
                "cat": 4
            },
            "codes": {
                "_RARE_": 0,
                "<<NULL>>": 1,
                "0.0": 2,
                "1.0": 3
            },
            "min_decimal": 0,
            "argn_processor": "tgt",
            "argn_table": "t9",
            "argn_column": "c9"
        },
        "d_wtr": {
            "encoding_type": "TABULAR_NUMERIC_DISCRETE",
            "cardinalities": {
                "cat": 4
            },
            "codes": {
                "_RARE_": 0,
                "<<NULL>>": 1,
                "0.0": 2,
                "1.0": 3
            },
            "min_decimal": 0,
            "argn_processor": "tgt",
            "argn_table": "t10",
            "argn_column": "c10"
        },
        "d_hsg": {
            "encoding_type": "TABULAR_NUMERIC_DISCRETE",
            "cardinalities": {
                "cat": 3
            },
            "codes": {
                "_RARE_": 0,
                "0": 1,
                "1": 2
            },
            "min_decimal": 0,
            "argn_processor": "tgt",
            "argn_table": "t11",
            "argn_column": "c11"
        },
        "d_ckfl": {
            "encoding_type": "TABULAR_NUMERIC_DISCRETE",
            "cardinalities": {
                "cat": 4
            },
            "codes": {
                "_RARE_": 0,
                "<<NULL>>": 1,
                "0.0": 2,
                "1.0": 3
            },
            "min_decimal": 0,
            "argn_processor": "tgt",
            "argn_table": "t12",
            "argn_column": "c12"
        },
        "d_asst": {
            "encoding_type": "TABULAR_NUMERIC_DISCRETE",
            "cardinalities": {
                "cat": 3
            },
            "codes": {
                "_RARE_": 0,
                "0": 1,
                "1": 2
            },
            "min_decimal": 0,
            "argn_processor": "tgt",
            "argn_table": "t13",
            "argn_column": "c13"
        },
        "sex": {
            "value_protection": false,
            "encoding_type": "TABULAR_CATEGORICAL",
            "no_of_rare_categories": 0,
            "codes": {
                "_RARE_": 0,
                "Female": 1,
                "Male": 2
            },
            "cardinalities": {
                "cat": 3
            },
            "argn_processor": "tgt",
            "argn_table": "t14",
            "argn_column": "c14"
        },
        "agec7": {
            "value_protection": false,
            "encoding_type": "TABULAR_CATEGORICAL",
            "no_of_rare_categories": 0,
            "codes": {
                "_RARE_": 0,
                "0-4": 1,
                "10-14": 2,
                "15-17": 3,
                "18-59": 4,
                "5-9": 5,
                "60+": 6
            },
            "cardinalities": {
                "cat": 7
            },
            "argn_processor": "tgt",
            "argn_table": "t15",
            "argn_column": "c15"
        },
        "hhsize": {
            "encoding_type": "TABULAR_NUMERIC_DISCRETE",
            "cardinalities": {
                "cat": 19
            },
            "codes": {
                "_RARE_": 0,
                "1": 1,
                "2": 2,
                "3": 3,
                "4": 4,
                "5": 5,
                "6": 6,
                "7": 7,
                "8": 8,
                "9": 9,
                "10": 10,
                "11": 11,
                "12": 12,
                "13": 13,
                "14": 14,
                "15": 15,
                "16": 16,
                "17": 17,
                "18": 18
            },
            "min_decimal": 0,
            "argn_processor": "tgt",
            "argn_table": "t16",
            "argn_column": "c16"
        },
        "region": {
            "value_protection": false,
            "encoding_type": "TABULAR_CATEGORICAL",
            "no_of_rare_categories": 0,
            "codes": {
                "_RARE_": 0,
                "Balaka": 1,
                "Blantyre": 2,
                "Chikwawa": 3,
                "Chiradzulu": 4,
                "Chitipa": 5,
                "Dedza": 6,
                "Dowa": 7,
                "Karonga": 8,
                "Kasungu": 9,
                "Likoma": 10,
                "Lilongwe": 11,
                "Machinga": 12,
                "Mangochi": 13,
                "Mchinji": 14,
                "Mulange": 15,
                "Mwanza": 16,
                "Mzimba": 17,
                "Neno": 18,
                "Nkhata Bay": 19,
                "Nkhotakota": 20,
                "Nsanje": 21,
                "Ntcheu": 22,
                "Ntchisi": 23,
                "Phalombe": 24,
                "Rumphi": 25,
                "Salima": 26,
                "Thyolo": 27,
                "Zomba": 28
            },
            "cardinalities": {
                "cat": 29
            },
            "argn_processor": "tgt",
            "argn_table": "t17",
            "argn_column": "c17"
        },
        "area": {
            "value_protection": false,
            "encoding_type": "TABULAR_CATEGORICAL",
            "no_of_rare_categories": 0,
            "codes": {
                "_RARE_": 0,
                "rural": 1,
                "urban": 2
            },
            "cardinalities": {
                "cat": 3
            },
            "argn_processor": "tgt",
            "argn_table": "t18",
            "argn_column": "c18"
        }
    },
    "no_of_training_records": 88961,
    "no_of_validation_records": 22315,
    "seq_len": {
        "min": 1,
        "max": 1,
        "median": 1,
        "value_protection": false
    },
    "is_sequential": false,
    "keys": {
        "primary_key": "ind_id"
    },
    "value_protection_epsilon_spent": null
}